model,mode,caseIndex,scenario,seed,variability,landed,reason,score,time,turnDegrees,error,speed,lateral,tilt,positionMargin,speedMargin,lateralMargin,tiltMargin
candidate,normal,0,0,95638071,0,True,Touchdown,89.66689558590068,19.750000000000146,0.04524155524108725,2.5433493651727086,2.5153077365385483,0.286140706591607,0.031173802908016107,8.456650634827291,1.0846922634614518,2.713859293408393,0.1688261970919839
candidate,normal,1,1,95742800,0,True,Touchdown,79.24557261486555,31.700000000000315,0.15155707559520107,4.089321539315252,2.2049101280210794,1.143566284143943,0.03266250309304454,6.910678460684748,1.3950898719789206,1.856433715856057,0.16733749690695549
candidate,normal,2,2,95847529,0,True,Touchdown,47.57276046219954,40.04999999999986,0.10370960539564864,8.77901595177468,1.838438711575956,0.47357954418797005,0.049512773205422085,2.2209840482253203,1.7615612884240441,2.52642045581203,0.15048722679457793
candidate,normal,3,3,95952258,0,False,Lateral impact,-92.60642790730998,34.900000000000155,0.08596393116079094,1.7842449225768178,2.190346825372339,3.5311941710969372,0.02548467707327357,9.215755077423182,1.4096531746276613,-0.5311941710969372,0.17451532292672645
candidate,normal,4,4,96056987,0,False,Lateral impact,-110.4367254590455,40.549999999999834,0.03811961573948231,3.468192359450541,2.0745792581823994,3.7673190472007474,0.09510001794337954,7.531807640549459,1.5254207418176007,-0.7673190472007474,0.10489998205662047
candidate,normal,5,5,96161716,0,False,Lateral impact,-116.14255931232495,43.94999999999964,0.044740304761902584,8.181674397453548,1.9027913801159244,4.578233564313714,0.12740439855909935,2.8183256025464516,1.6972086198840757,-1.578233564313714,0.07259560144090066
candidate,normal,6,6,96266445,0,False,Missed the ship,-102.44156763810636,39.3499999999999,0.03843144711286896,13.382907883026892,2.9924861602651363,1.5221248243810908,0.13802486896821256,-2.382907883026892,0.6075138397348638,1.4778751756189092,0.06197513103178745
candidate,normal,7,7,96371174,0,False,Hard landing,-103.86505950336255,38.599999999999945,-0.062380293222249326,5.8560820290648055,3.9777557876705485,3.196778273114238,0.16165743185382972,5.1439179709351945,-0.3777557876705484,-0.196778273114238,0.03834256814617029
candidate,normal,8,8,96475903,0,True,Touchdown,62.81667906040671,30.050000000000292,0.04757241783476319,6.690871281154207,2.587920791224195,0.896566792591066,0.043522081332323145,0.30912871884579296,1.012079208775805,2.103433207408934,0.15647791866767685
candidate,normal,9,9,96580632,0,True,Touchdown,58.300643085541644,32.05000000000032,0.10199861619915297,8.163326627415442,2.298894125906647,0.8372451755291154,0.057773925185891736,2.836673372584558,1.301105874093353,2.1627548244708845,0.14222607481410826
candidate,normal,10,10,96685361,0,False,Missed the ship,-92.69982410826273,36.35000000000007,0.08947202749652447,11.978933324789644,1.9132847877333974,0.6782564749268187,0.13009211049564146,-0.9789333247896437,1.6867152122666027,2.321743525073181,0.06990788950435856
candidate,normal,11,11,96790090,0,False,Missed the ship,-96.93124654497913,36.650000000000055,-0.0011711582405388836,11.991979534280514,2.2558222982725913,0.7294280341675018,0.21326943461810702,-0.9919795342805138,1.3441777017274088,2.2705719658324983,-0.013269434618107007
candidate,normal,12,12,96894819,0,True,Touchdown,48.399422285606185,34.95000000000015,-0.022818573865384845,6.831451514355136,2.4636795640011817,1.4219379770498584,0.10749998790539866,4.168548485644864,1.1363204359988184,1.5780620229501416,0.09250001209460135
candidate,normal,13,13,96999548,0,False,Missed the ship,-146.38885045513535,37.15000000000003,0.04632772698621361,58.92993671631726,1.9174951935262798,1.6271316455725238,0.1640723266154246,-47.92993671631726,1.6825048064737202,1.3728683544274762,0.03592767338457542
candidate,normal,14,14,97104277,0,True,Touchdown,74.70525995747639,34.60000000000017,-0.0779455866696259,3.704193062856297,1.1035842985344275,1.3497592429456033,0.04277154523663583,7.295806937143703,2.4964157014655726,1.6502407570543967,0.15722845476336417
candidate,normal,15,15,97209006,0,True,Touchdown,55.48042509414444,34.0500000000002,0.05771164910867792,7.1846001073203825,1.8311813910069359,1.0015789477644812,0.0581715331893047,3.8153998926796175,1.7688186089930642,1.9984210522355188,0.1418284668106953
candidate,normal,16,16,97313735,0,True,Touchdown,48.25713467191127,37.6,-0.011883020450917981,10.756773195219015,1.9778243295426765,1.0186605228081398,0.020346254533456294,0.2432268047809849,1.6221756704573236,1.9813394771918602,0.17965374546654372
candidate,normal,17,17,97418464,0,True,Touchdown,36.9998587564162,42.24999999999974,18.337080584400827,9.830737129489828,1.9524245558600453,1.531736618487805,0.03695385305523235,1.1692628705101722,1.6475754441399548,1.468263381512195,0.16304614694476766
candidate,normal,18,18,97523193,0,True,Touchdown,22.191650456388743,57.54999999999887,0.16414005349291244,6.300244693152847,2.061797949026574,1.8929882333695776,0.10676643983565881,4.699755306847153,1.538202050973426,1.1070117666304224,0.0932335601643412
candidate,normal,19,19,97627922,0,False,Lateral impact,-117.83005702071179,43.44999999999967,0.08173707154175454,5.830867971649555,2.3611883198928463,4.188141742690338,0.19105533781677123,2.169132028350445,1.2388116801071538,-1.1881417426903376,0.008944662183228785
candidate,normal,20,20,97732651,0,True,Touchdown,55.971779664158454,37.99999999999998,0.07315442749716122,9.05503359701221,2.661436935720541,1.361650321672788,0.00877427550840654,1.9449664029877898,0.9385630642794589,1.638349678327212,0.19122572449159347
candidate,normal,21,21,97837380,0,True,Touchdown,52.28112934050202,38.79999999999993,0.09845170348739195,4.807114920240355,3.1047781709590776,1.2742861370835108,0.043410095841530806,6.192885079759645,0.4952218290409225,1.7257138629164892,0.1565899041584692
candidate,normal,22,22,97942109,0,False,Missed the ship,-93.87932848712566,37.25000000000002,-0.03993806504017494,11.511991783836747,3.797085784689663,2.2867979507096448,0.043229764589666854,-0.5119917838367467,-0.19708578468966298,0.7132020492903552,0.15677023541033316
candidate,normal,23,23,98046838,0,False,Lateral impact,-107.16009331960977,40.64999999999983,-0.12637153324590897,3.1631723879973426,3.4838858279650253,3.3216045285478284,0.06445547928066604,7.836827612002658,0.11611417203497476,-0.3216045285478284,0.13554452071933398
candidate,normal,24,0,98151567,0.4,True,Touchdown,86.54637334855619,23.150000000000194,0.06213727593499872,0.5306224087297492,2.122502918915872,0.5142113605354907,0.008855750850772955,10.46937759127025,1.477497081084128,2.4857886394645092,0.19114424914922706
candidate,normal,25,1,98256296,0.4,True,Touchdown,84.5397759404693,29.95000000000029,0.07313855334485662,4.146733149903894,2.5730305932581343,1.3378509094107665,0.060954360764279084,6.853266850096106,1.0269694067418658,1.6621490905892335,0.13904563923572094
candidate,normal,26,2,98361025,0.4,True,Touchdown,40.167710426445645,42.14999999999974,0.1396674700055299,0.5518564022658977,1.5556451038933945,1.646286829871017,0.025255175230564628,10.448143597734102,2.0443548961066056,1.353713170128983,0.17474482476943537
candidate,normal,27,3,98465754,0.4,True,Touchdown,49.40567860887701,36.650000000000055,0.0018052748147459729,9.57380014761717,1.9761997161199454,2.3092336314495108,0.024158194846472157,1.4261998523828296,1.6238002838800547,0.6907663685504892,0.17584180515352785
candidate,normal,28,4,98570483,0.4,False,Lateral impact,-112.9883544988691,42.04999999999975,0.045558333858705904,3.0378985144335133,2.1087225516313737,4.449148423489982,0.08728705256838987,7.962101485566487,1.4912774483686264,-1.4491484234899819,0.11271294743161014
candidate,normal,29,5,98675212,0.4,True,Touchdown,35.45764113649362,43.499999999999666,0.06299707337341903,9.387550766178094,2.4105288313476954,1.3880675426369855,0.15437366601318947,1.6124492338219056,1.1894711686523047,1.6119324573630145,0.04562633398681054
candidate,normal,30,6,98779941,0.4,False,Lateral impact,-112.52756390833866,38.54999999999995,0.038599907681231,6.243416420803985,3.0086938574209596,5.505003804178437,0.0957594977726148,4.756583579196015,0.5913061425790405,-2.505003804178437,0.1042405022273852
candidate,normal,31,7,98884670,0.4,False,Hard landing,-133.55244755548907,37.99999999999998,-0.006520725457507526,8.492850110237875,3.908623045477562,6.843894948800277,0.13207313377877125,2.5071498897621254,-0.30862304547756203,-3.843894948800277,0.06792686622122876
candidate,normal,32,8,98989399,0.4,True,Touchdown,58.93707424242978,32.50000000000029,0.03713640640842145,4.198697357118948,1.8568626112678026,1.0408523555543985,0.039442138887514834,2.801302642881052,1.7431373887321975,1.9591476444456015,0.16055786111248518
candidate,normal,33,9,99094128,0.4,True,Touchdown,57.03317440253379,32.100000000000314,0.08583373207733054,5.150800042019231,2.6043152958234153,0.3461499846698975,0.0884455189464406,5.849199957980769,0.9956847041765848,2.6538500153301023,0.11155448105355942
candidate,normal,34,10,99198857,0.4,True,Touchdown,51.24808594714321,35.30000000000013,0.05324486271705877,8.578290583135056,2.0576186459795576,1.7008713551004078,0.0673140410304805,2.4217094168649442,1.5423813540204425,1.2991286448995922,0.1326859589695195
candidate,normal,35,11,99303586,0.4,False,Missed the ship,-101.46539605317955,35.8500000000001,0.04903999452268868,13.445948228561072,2.077192420559325,4.164547047112459,0.15789349373109307,-2.445948228561072,1.5228075794406752,-1.1645470471124586,0.04210650626890694
candidate,normal,36,12,99408315,0.4,True,Touchdown,46.30112538922251,35.65000000000011,0.024687198709129977,9.618155738533131,1.9998730771648656,2.2340359876031237,0.08353951445673088,1.3818442614668687,1.6001269228351345,0.7659640123968763,0.11646048554326913
candidate,normal,37,13,99513044,0.4,False,Missed the ship,-147.59660340787968,37.65,0.05109709127404205,57.28413945159068,1.8475372544127489,2.762119693494949,0.19498028363196235,-46.28413945159068,1.7524627455872512,0.2378803065050512,0.005019716368037663
candidate,normal,38,14,99617773,0.4,True,Touchdown,78.77001734660809,31.150000000000308,-0.004431801917819516,6.083778713993566,1.5809983711801812,1.2766575411182897,0.008969862757363459,4.916221286006434,2.0190016288198187,1.7233424588817103,0.19103013724263657
candidate,normal,39,15,99722502,0.4,True,Touchdown,51.572237692799796,36.25000000000008,0.10789888618391967,6.340601962589235,2.204116872426222,1.2269741410430508,0.017149224102203812,4.659398037410765,1.3958831275737782,1.7730258589569492,0.1828507758977962
candidate,normal,40,16,99827231,0.4,True,Touchdown,46.59014944048547,38.34999999999996,0.13704278121051233,5.970189160336775,2.1984496715419812,2.036903790018899,0.07401893533886632,5.029810839663225,1.4015503284580189,0.9630962099811011,0.12598106466113368
candidate,normal,41,17,99931960,0.4,True,Touchdown,45.18115519103194,40.899999999999814,18.327167250240773,1.1818466388559916,1.8230032579322972,0.3986726330230034,0.016487815655501677,9.818153361144008,1.7769967420677029,2.6013273669769967,0.18351218434449834
candidate,normal,42,18,100036689,0.4,True,Touchdown,19.788210919171547,57.99999999999884,0.16125798019530357,3.374926199344646,2.1867585699006487,1.4598331331192047,0.04674655520003273,7.625073800655354,1.4132414300993514,1.5401668668807953,0.15325344479996728
candidate,normal,43,19,100141418,0.4,False,Missed the ship,-122.22529192799607,44.84999999999959,0.06057922309484113,9.879005187438247,2.101080148563362,4.330047926489194,0.19533921480336272,-1.8790051874382474,1.498919851436638,-1.3300479264891942,0.00466078519663729
candidate,normal,44,20,100246147,0.4,True,Touchdown,59.045927919229236,37.84999999999999,0.13643902969107127,2.1285192044118117,2.79293327408272,1.1415106214421524,0.0574416932434751,8.871480795588187,0.8070667259172799,1.8584893785578476,0.14255830675652492
candidate,normal,45,21,100350876,0.4,True,Touchdown,56.176293520709436,36.80000000000005,0.11309976708646023,2.5621334863949543,2.477464052138168,1.8572508253884548,0.07154365749739461,8.437866513605046,1.1225359478618322,1.1427491746115452,0.1284563425026054
candidate,normal,46,22,100455605,0.4,False,Hard landing,-88.98360819870572,36.95000000000004,-0.048154831348522435,1.5406673322500195,3.634089211741944,2.8498830043687593,0.11619972623589563,9.45933266774998,-0.03408921174194379,0.1501169956312407,0.08380027376410439
candidate,normal,47,23,100560334,0.4,False,Lateral impact,-116.73959355330706,41.84999999999976,-0.18434125382323305,7.778139469373968,3.00349080052599,5.397865899343551,0.09106132123421602,3.2218605306260324,0.5965091994740099,-2.397865899343551,0.10893867876578399
candidate,normal,48,0,100665063,0,True,Touchdown,90.67501100845651,18.75000000000013,-0.01089031166620302,2.0999266063899102,2.379029954832176,0.797889556957451,0.01477797517026956,8.90007339361009,1.220970045167824,2.202110443042549,0.18522202482973046
candidate,normal,49,1,100769792,0,True,Touchdown,84.17268659372756,30.900000000000304,0.02843551156635224,5.673469819280029,2.092730378070752,0.7549678794821644,0.025336054232147083,5.326530180719971,1.507269621929248,2.245032120517836,0.17466394576785294
candidate,normal,50,2,100874521,0,True,Touchdown,50.4251481192124,37.65,0.12062679575839949,2.7132083587922295,2.4363318133709746,1.414051477357058,0.08411585484117919,8.28679164120777,1.1636681866290255,1.585948522642942,0.11588414515882083
candidate,normal,51,3,100979250,0,True,Touchdown,55.10409822738213,33.95000000000021,0.1243249043042,4.151489091677285,2.21183803442424,1.8653202089100918,0.17572135502153033,6.848510908322715,1.38816196557576,1.1346797910899082,0.024278644978469682
candidate,normal,52,4,101083979,0,True,Touchdown,46.07472831118642,37.50000000000001,0.05867927621186123,7.213814449501247,2.242945795773547,2.344575876173402,0.11226709902658252,3.786185550498753,1.3570542042264533,0.6554241238265979,0.08773290097341749
candidate,normal,53,5,101188708,0,True,Touchdown,41.95596585726306,41.64999999999977,0.0420825650797319,10.52652946849584,2.3097658877544367,0.5846943642474446,0.14609622504295,0.4734705315041605,1.2902341122455634,2.4153056357525555,0.05390377495705001
candidate,normal,54,6,101293437,0,False,Lateral impact,-109.06406880972911,37.6,0.061618589586925065,4.859567585591945,2.959255694319191,4.043708986241017,0.08105205391424984,6.140432414408055,0.6407443056808089,-1.0437089862410174,0.11894794608575017
candidate,normal,55,7,101398166,0,False,Missed the ship,-106.02112488766252,38.049999999999976,-0.035919626513273566,11.524584705366523,3.9365513233674254,2.25973847487095,0.17816012591065042,-0.5245847053665234,-0.3365513233674253,0.7402615251290499,0.021839874089349592
candidate,normal,56,8,101502895,0,True,Touchdown,64.85236493064559,30.050000000000292,0.042766102302627534,3.9650720972013036,2.3120432185470987,1.2731657049685317,0.06685451821082894,3.0349279027986964,1.2879567814529014,1.7268342950314683,0.13314548178917107
candidate,normal,57,9,101607624,0,True,Touchdown,55.72681522102205,32.950000000000266,0.03506789073583745,9.877284639672375,2.538505985261547,2.1719262183273638,0.054584967023989836,1.122715360327625,1.0614940147384533,0.8280737816726362,0.14541503297601016
candidate,normal,58,10,101712353,0,True,Touchdown,49.5037084194693,36.05000000000009,0.018783492815399802,0.7488396042338423,2.184303014626822,2.4999424932621466,0.033701872213344614,10.251160395766158,1.4156969853731782,0.5000575067378534,0.1662981277866554
candidate,normal,59,11,101817082,0,False,Missed the ship,-98.39607136492528,36.95000000000004,0.01431860264945947,13.310413642653021,1.6902152898870386,3.0386757724835967,0.1609796829127355,-2.310413642653021,1.9097847101129615,-0.03867577248359666,0.0390203170872645
candidate,normal,60,12,101921811,0,True,Touchdown,49.96813819947337,34.75000000000016,0.06827497618340607,6.46164113253171,2.1425716521078804,2.0942031997068193,0.076560162299072,4.53835886746829,1.4574283478921197,0.9057968002931807,0.123439837700928
candidate,normal,61,13,102026540,0,False,Missed the ship,-157.80775312208016,39.74999999999988,0.05943241958936606,61.036624809767396,1.7272792030734148,3.014735138583935,0.27716558405485836,-50.036624809767396,1.8727207969265853,-0.014735138583934937,-0.07716558405485835
candidate,normal,62,14,102131269,0,True,Touchdown,74.72046442301885,32.3500000000003,-0.07355243819118566,3.7053970947435104,1.532360276903253,1.4609675094256682,0.0508587117343723,7.29460290525649,2.067639723096747,1.5390324905743318,0.14914128826562773
candidate,normal,63,15,102235998,0,True,Touchdown,56.40213285693755,33.40000000000024,0.13821858685312957,6.380868163494217,2.0805485421031835,1.8143294098035943,0.03064915963849232,4.619131836505783,1.5194514578968166,1.1856705901964057,0.1693508403615077
candidate,normal,64,16,102340727,0,True,Touchdown,51.94588662613438,36.300000000000075,0.07715718243081543,7.035818957631953,1.9159664835304615,2.5583460642201343,0.042197269810976434,3.964181042368047,1.6840335164695386,0.44165393577986567,0.15780273018902358
candidate,normal,65,17,102445456,0,True,Touchdown,42.083780510049266,42.19999999999974,18.241547492262878,6.554181069686705,2.0639240612300083,1.5730538471226714,0.013859509263529655,4.445818930313295,1.5360759387699918,1.4269461528773286,0.18614049073647035
candidate,normal,66,18,102550185,0,True,Touchdown,19.260537144589748,56.9499999999989,0.1391180599329683,6.56953799794967,2.014791740729065,2.711679630063684,0.020604546300765234,4.43046200205033,1.5852082592709351,0.28832036993631593,0.17939545369923476
candidate,normal,67,19,102654914,0,False,Missed the ship,-116.3343023767288,42.59999999999972,0.06027791130007618,10.755992494011412,2.0864080627544284,4.058124248511514,0.1808928017507332,-2.755992494011412,1.5135919372455717,-1.0581242485115139,0.01910719824926682
candidate,normal,68,20,102759643,0,True,Touchdown,56.27858025005938,37.30000000000002,0.062669181887848,5.478935782267256,2.904073412984428,1.0821119192734092,0.027705798936691527,5.521064217732744,0.6959265870155722,1.9178880807265908,0.17229420106330848
candidate,normal,69,21,102864372,0,True,Touchdown,52.043203745280664,36.40000000000007,0.10340787821827774,2.2306282657785705,2.7514413224131946,2.028425202533071,0.05540843701631129,8.76937173422143,0.8485586775868055,0.9715747974669289,0.14459156298368872
candidate,normal,70,22,102969101,0,False,Hard landing,-90.10551341011941,37.10000000000003,-0.041588222537675766,5.069125057011311,3.8052738224388554,1.603946731839394,0.1102450980471028,5.930874942988689,-0.20527382243885528,1.396053268160606,0.08975490195289722
candidate,normal,71,23,103073830,0,True,Touchdown,52.49371225730493,40.49999999999984,-0.13088314961858577,3.579033983833706,3.373278590508232,2.5508219270672954,0.11742076209950925,7.420966016166294,0.226721409491768,0.4491780729327046,0.08257923790049077
candidate,normal,72,0,103178559,0.4,True,Touchdown,90.80599663885509,18.900000000000134,0.023784661346902457,2.9102961847666045,2.1575018739959937,0.7999211114450019,0.01878036393173994,8.089703815233396,1.4424981260040064,2.200078888554998,0.18121963606826008
candidate,normal,73,1,103283288,0.4,True,Touchdown,82.28180477047832,30.250000000000295,0.01892255512317862,1.9041641374314535,1.8844932923141808,0.4974139582094272,0.046778238393965506,9.095835862568546,1.7155067076858193,2.5025860417905728,0.1532217616060345
candidate,normal,74,2,103388017,0.4,True,Touchdown,47.38003740474243,38.44999999999995,0.11579834572367272,1.8504763343200898,2.314227376617799,1.6062137869384636,0.04751353109368212,9.14952366567991,1.285772623382201,1.3937862130615364,0.1524864689063179
candidate,normal,75,3,103492746,0.4,True,Touchdown,57.07151988926761,34.30000000000019,0.08868715374185655,4.987472152417627,2.343580764833101,1.6747676594361809,0.0635762250812064,6.012527847582373,1.256419235166899,1.3252323405638191,0.1364237749187936
candidate,normal,76,4,103597475,0.4,False,Missed the ship,-109.33640726077434,40.349999999999845,0.031307105503342626,12.11734531319995,2.0507541578826416,2.563078878998017,0.07111837428967789,-1.1173453131999498,1.5492458421173585,0.436921121001983,0.12888162571032213
candidate,normal,77,5,103702204,0.4,True,Touchdown,23.693764251197052,46.09999999999952,0.031117987533281637,9.193394316134201,2.2107339740138365,0.9297634058550339,0.1625130941092751,1.806605683865799,1.3892660259861636,2.070236594144966,0.0374869058907249
candidate,normal,78,6,103806933,0.4,False,Lateral impact,-103.37556919765903,39.94999999999987,0.03002657844735106,9.615922502930596,2.7856201079802605,3.421345808732759,0.07041883955577695,1.3840774970694039,0.8143798920197396,-0.42134580873275906,0.12958116044422308
candidate,normal,79,7,103911662,0.4,False,Lateral impact,-112.37288332128644,39.04999999999992,-0.07527866833478851,2.624133602133947,3.58879354876973,5.954857513971714,0.07945325619344104,8.375866397866053,0.011206451230270087,-2.9548575139717137,0.12054674380655897
candidate,normal,80,8,104016391,0.4,True,Touchdown,67.49706100221455,28.60000000000027,0.06565007464143184,4.471456578401705,2.247508024258291,1.059262215626529,0.009552254491248545,2.528543421598295,1.3524919757417089,1.940737784373471,0.19044774550875146
candidate,normal,81,9,104121120,0.4,False,Missed the ship,-94.98779791723186,33.500000000000234,0.02916917954902061,12.943226712885316,2.2844136554141716,0.9397068516276804,0.010383690685316421,-1.9432267128853162,1.3155863445858285,2.0602931483723195,0.1896163093146836
candidate,normal,82,10,104225849,0.4,True,Touchdown,43.65244457240703,37.50000000000001,0.04687490577269704,2.128403873030762,2.0531073093530927,2.2314568937590504,0.031301277251279784,8.871596126969237,1.5468926906469074,0.7685431062409496,0.16869872274872022
candidate,normal,83,11,104330578,0.4,True,Touchdown,34.723182479560265,41.29999999999979,0.0942514033674164,9.79239708979229,2.0400180877611795,2.7874644123498653,0.09938467586664464,1.2076029102077097,1.5599819122388205,0.2125355876501347,0.10061532413335537
candidate,normal,84,12,104435307,0.4,True,Touchdown,46.688497775772184,37.45000000000001,0.09357770674999855,3.7256479308302937,1.6967775487645063,1.0509609321519888,0.09095142874954609,7.274352069169707,1.9032224512354938,1.9490390678480112,0.10904857125045392
candidate,normal,85,13,104540036,0.4,False,Missed the ship,-143.8177169242756,38.64999999999994,0.03391087677003382,52.677873419342575,1.9709686035337797,2.811189000348954,0.24795331963159903,-41.677873419342575,1.6290313964662204,0.18881099965104609,-0.04795331963159902
candidate,normal,86,14,104644765,0.4,True,Touchdown,71.2984110853043,35.250000000000135,-0.0051481277942383025,7.233239618550057,1.1855498026525135,0.8114812671287982,0.04721077824599452,3.7667603814499433,2.4144501973474863,2.1885187328712017,0.1527892217540055
candidate,normal,87,15,104749494,0.4,True,Touchdown,49.23468340581462,35.9000000000001,0.10960938995923476,1.0655192532778741,1.9559780063964982,1.0485127369905884,0.054586023225516554,9.934480746722127,1.6440219936035019,1.9514872630094116,0.14541397677448345
candidate,normal,88,16,104854223,0.4,True,Touchdown,47.95287773948079,34.200000000000195,0.08960122444787062,4.693129083484209,2.2657418319849416,1.9451802639869946,0.033756245095510784,6.306870916515791,1.3342581680150585,1.0548197360130054,0.16624375490448923
candidate,normal,89,17,104958952,0.4,True,Touchdown,41.989346227684166,41.399999999999785,18.233572303926366,3.48299433882744,1.879920084936865,0.2708692395345365,0.04398824568587872,7.5170056611725595,1.7200799150631352,2.7291307604654635,0.1560117543141213
candidate,normal,90,18,105063681,0.4,True,Touchdown,7.759270670473839,57.89999999999885,0.18981794536119434,6.249539624754495,2.0228470701958097,0.9209365250914536,0.02390583650625143,4.750460375245505,1.5771529298041904,2.0790634749085464,0.17609416349374857
candidate,normal,91,19,105168410,0.4,False,Missed the ship,-116.00115691816382,44.5999999999996,0.033572074218329535,13.423627516313799,2.1339995960310145,1.8593532395967955,0.21474902980007568,-5.423627516313799,1.4660004039689856,1.1406467604032045,-0.01474902980007567
candidate,normal,92,20,105273139,0.4,True,Touchdown,53.26960379360372,37.84999999999999,0.09619306154249886,9.71247920513784,3.116829272442378,1.7718601032650345,0.06270250693548238,1.2875207948621608,0.483170727557622,1.2281398967349655,0.13729749306451763
candidate,normal,93,21,105377868,0.4,True,Touchdown,56.691626291831376,36.500000000000064,0.04522050776652131,9.816956638234364,3.1519594914617572,2.2600500383205633,0.05598658188964644,1.1830433617656357,0.44804050853824284,0.7399499616794367,0.14401341811035356
candidate,normal,94,22,105482597,0.4,False,Hard landing,-96.02152117264797,38.79999999999993,-0.028962624154675817,3.0187557003753525,3.7646448524006457,3.3928265542877183,0.07665942744110074,7.981244299624647,-0.16464485240064564,-0.3928265542877183,0.12334057255889927
candidate,normal,95,23,105587326,0.4,True,Touchdown,48.81124493328165,41.599999999999774,-0.15380196835098026,7.779136286564077,3.3994341718386236,2.836716414414885,0.18611666993036513,3.2208637134359233,0.20056582816137647,0.1632835855851149,0.01388333006963488
candidate,covered,0,0,95638071,0,False,Missed the ship,-522.2263241711141,3.949999999999994,0.2110956956679452,11.259110524130119,40.68281667986104,7.665394676285157,1.9165813039757957,-0.2591105241301186,-37.08281667986104,-4.665394676285157,-1.7165813039757958
candidate,covered,1,1,95742800,0,False,Flight terminated,-1084.560253917509,5.399999999999989,0.29639616775838507,,,,,,,,
candidate,covered,2,2,95847529,0,False,Flight terminated,-1095.4225013296066,5.399999999999989,0.2967956961958159,,,,,,,,
candidate,covered,3,3,95952258,0,False,Flight terminated,-1096.516822674409,5.4999999999999885,0.30337452048628544,,,,,,,,
candidate,covered,4,4,96056987,0,False,Flight terminated,-1090.8818124753434,5.249999999999989,0.289215245146003,,,,,,,,
candidate,covered,5,5,96161716,0,False,Flight terminated,-1084.9837143867062,5.249999999999989,0.28893514607223547,,,,,,,,
candidate,covered,6,6,96266445,0,False,Flight terminated,-1087.4805089050367,5.299999999999989,0.29115806711719905,,,,,,,,
candidate,covered,7,7,96371174,0,False,Flight terminated,-1095.1918327736207,5.299999999999989,0.293128830809758,,,,,,,,
candidate,covered,8,8,96475903,0,False,Missed the ship,-565.5784745805655,5.04999999999999,0.27551910027900417,15.063350026881261,60.26658598687323,12.472058152069117,2.499391444482092,-8.063350026881261,-56.66658598687323,-9.472058152069117,-2.299391444482092
candidate,covered,9,9,96580632,0,False,Flight terminated,-1087.6679251394346,5.1999999999999895,0.28419946664475176,,,,,,,,
candidate,covered,10,10,96685361,0,False,Flight terminated,-1095.1859394077492,5.449999999999989,0.29916325517774073,,,,,,,,
candidate,covered,11,11,96790090,0,False,Flight terminated,-1097.51732357404,5.349999999999989,0.2931182112720614,,,,,,,,
candidate,covered,12,12,96894819,0,False,Flight terminated,-1093.4260323077265,5.299999999999989,0.29129460447544264,,,,,,,,
candidate,covered,13,13,96999548,0,False,Flight terminated,-1099.4021761605047,5.299999999999989,0.2922949938153484,,,,,,,,
candidate,covered,14,14,97104277,0,False,Attitude at impact,-563.267450138984,4.6499999999999915,0.2532686590515698,9.508343394297153,56.15172334145612,9.39754238534806,2.255580025594564,1.4916566057028469,-52.55172334145612,-6.397542385348061,-2.0555800255945638
candidate,covered,15,15,97209006,0,False,Flight terminated,-1090.867063168709,5.399999999999989,0.29534462092957037,,,,,,,,
candidate,covered,16,16,97313735,0,False,Flight terminated,-1095.238968327376,5.449999999999989,0.2990649734840838,,,,,,,,
candidate,covered,17,17,97418464,0,False,Flight terminated,-1085.9617967781014,5.1999999999999895,18.53450649918971,,,,,,,,
candidate,covered,18,18,97523193,0,False,Flight terminated,-1116.7069206322808,5.349999999999989,0.2941892554533308,,,,,,,,
candidate,covered,19,19,97627922,0,False,Flight terminated,-1092.013663140075,5.449999999999989,0.2992201514323213,,,,,,,,
candidate,covered,20,20,97732651,0,False,Flight terminated,-1095.2494431929854,5.299999999999989,0.2885589969490447,,,,,,,,
candidate,covered,21,21,97837380,0,False,Flight terminated,-1085.2110197251861,5.349999999999989,0.2941409101627974,,,,,,,,
candidate,covered,22,22,97942109,0,False,Flight terminated,-1090.9449349145707,5.1999999999999895,0.28199728619476305,,,,,,,,
candidate,covered,23,23,98046838,0,False,Flight terminated,-1100.8348749474542,5.349999999999989,0.29488611032228135,,,,,,,,
candidate,covered,24,0,98151567,0.4,False,Missed the ship,-530.9733289306519,4.299999999999993,0.23180725482569464,16.311351265288607,43.57401913409507,8.968510121523183,2.090287566827965,-5.311351265288607,-39.974019134095066,-5.968510121523183,-1.890287566827965
candidate,covered,25,1,98256296,0.4,False,Flight terminated,-1090.4927236407157,5.4999999999999885,0.3016843926433697,,,,,,,,
candidate,covered,26,2,98361025,0.4,False,Flight terminated,-1094.5927858200625,5.4999999999999885,0.302522028267358,,,,,,,,
candidate,covered,27,3,98465754,0.4,False,Flight terminated,-1091.437353791624,5.249999999999989,0.28618516470067057,,,,,,,,
candidate,covered,28,4,98570483,0.4,False,Flight terminated,-1086.8800109463846,5.349999999999989,0.29324800205639534,,,,,,,,
candidate,covered,29,5,98675212,0.4,False,Flight terminated,-1090.425536102539,5.299999999999989,0.2907377097946754,,,,,,,,
candidate,covered,30,6,98779941,0.4,False,Flight terminated,-1093.5789630401996,5.299999999999989,0.293105506097508,,,,,,,,
candidate,covered,31,7,98884670,0.4,False,Flight terminated,-1093.90125263466,5.249999999999989,0.28792397486778387,,,,,,,,
candidate,covered,32,8,98989399,0.4,False,Missed the ship,-568.3935841527452,5.1999999999999895,0.284452851185169,44.95149928584522,60.49844061119673,12.523241967793195,2.5357110784473424,-37.95149928584522,-56.898440611196726,-9.523241967793195,-2.3357110784473423
candidate,covered,33,9,99094128,0.4,False,Flight terminated,-1090.6435196183397,5.14999999999999,0.28064387525390283,,,,,,,,
candidate,covered,34,10,99198857,0.4,False,Flight terminated,-1093.4782456399525,5.399999999999989,0.2956409135727517,,,,,,,,
candidate,covered,35,11,99303586,0.4,False,Flight terminated,-1098.5173463355325,5.449999999999989,0.29971311902690156,,,,,,,,
candidate,covered,36,12,99408315,0.4,False,Flight terminated,-1097.1408197526684,5.399999999999989,0.29669539643137327,,,,,,,,
candidate,covered,37,13,99513044,0.4,False,Flight terminated,-1094.3724753220472,5.349999999999989,0.2957074821441729,,,,,,,,
candidate,covered,38,14,99617773,0.4,False,Missed the ship,-560.5071542078404,4.799999999999991,0.2617345390030329,28.129298378990384,55.061725938207985,8.375276969086489,2.3124113507039183,-17.129298378990384,-51.461725938207984,-5.375276969086489,-2.112411350703918
candidate,covered,39,15,99722502,0.4,False,Flight terminated,-1088.0949195859407,5.249999999999989,0.28672456358034815,,,,,,,,
candidate,covered,40,16,99827231,0.4,False,Flight terminated,-1090.5361334722038,5.249999999999989,0.2878750111634943,,,,,,,,
candidate,covered,41,17,99931960,0.4,False,Flight terminated,-1083.3685717375056,5.14999999999999,18.466415071252,,,,,,,,
candidate,covered,42,18,100036689,0.4,False,Flight terminated,-1125.5257765762856,5.399999999999989,0.2969493003375463,,,,,,,,
candidate,covered,43,19,100141418,0.4,False,Flight terminated,-1089.4627128281675,5.1999999999999895,0.28702605659584374,,,,,,,,
candidate,covered,44,20,100246147,0.4,False,Flight terminated,-1094.6628178001918,5.349999999999989,0.29228653605722005,,,,,,,,
candidate,covered,45,21,100350876,0.4,False,Flight terminated,-1097.5159861193183,5.399999999999989,0.29749108326947077,,,,,,,,
candidate,covered,46,22,100455605,0.4,False,Flight terminated,-1089.7810290955929,5.299999999999989,0.2868296778138618,,,,,,,,
candidate,covered,47,23,100560334,0.4,False,Flight terminated,-1095.4935596205778,5.399999999999989,0.2967857566502611,,,,,,,,
candidate,covered,48,0,100665063,0,False,Missed the ship,-516.9386748050676,3.699999999999995,0.19640772555926517,14.638989284318312,39.10253800812675,6.9681459261978675,1.7924577122785288,-3.6389892843183116,-35.50253800812675,-3.9681459261978675,-1.5924577122785288
candidate,covered,49,1,100769792,0,False,Missed the ship,-573.6769131006126,5.449999999999989,0.2990006567206605,30.230828916548695,57.3352042368721,11.912170473468187,2.609973845899066,-19.230828916548695,-53.7352042368721,-8.912170473468187,-2.409973845899066
candidate,covered,50,2,100874521,0,False,Flight terminated,-1090.8463723754908,5.399999999999989,0.2956302653484389,,,,,,,,
candidate,covered,51,3,100979250,0,False,Flight terminated,-1092.29921571273,5.249999999999989,0.28810319732998013,,,,,,,,
candidate,covered,52,4,101083979,0,False,Flight terminated,-1098.5254944426977,5.249999999999989,0.2861255497274059,,,,,,,,
candidate,covered,53,5,101188708,0,False,Flight terminated,-1086.4459597804628,5.399999999999989,0.2979902714761084,,,,,,,,
candidate,covered,54,6,101293437,0,False,Flight terminated,-1101.3018720728462,5.449999999999989,0.2996225828220529,,,,,,,,
candidate,covered,55,7,101398166,0,False,Flight terminated,-1090.3038139639175,5.14999999999999,0.2796966140375428,,,,,,,,
candidate,covered,56,8,101502895,0,False,Missed the ship,-563.0999384046344,4.849999999999991,0.26376744206566893,26.079973200372404,60.02702092686486,11.29466984980324,2.3715475329677385,-19.079973200372404,-56.427020926864856,-8.29466984980324,-2.1715475329677383
candidate,covered,57,9,101607624,0,False,Flight terminated,-1089.143326834795,5.399999999999989,0.2961976592764622,,,,,,,,
candidate,covered,58,10,101712353,0,False,Flight terminated,-1086.747052697166,5.299999999999989,0.28967522960206077,,,,,,,,
candidate,covered,59,11,101817082,0,False,Flight terminated,-1096.0204184290633,5.399999999999989,0.2971557588043231,,,,,,,,
candidate,covered,60,12,101921811,0,False,Flight terminated,-1089.645858624374,5.399999999999989,0.29788266850908074,,,,,,,,
candidate,covered,61,13,102026540,0,False,Flight terminated,-1091.9297119837922,5.349999999999989,0.29640345775880017,,,,,,,,
candidate,covered,62,14,102131269,0,False,Missed the ship,-561.141668385029,4.449999999999992,0.24090395442478482,17.23792028379324,55.83361883239787,11.389828150539747,2.1636164720693527,-6.23792028379324,-52.233618832397866,-8.389828150539747,-1.9636164720693527
candidate,covered,63,15,102235998,0,False,Missed the ship,-576.369297963619,5.449999999999989,0.2993921854192671,51.17764685572855,64.22733014843153,11.180607492751165,2.6367344344858474,-40.17764685572855,-60.62733014843153,-8.180607492751165,-2.4367344344858473
candidate,covered,64,16,102340727,0,False,Flight terminated,-1101.7040353592765,5.4999999999999885,0.301417797406265,,,,,,,,
candidate,covered,65,17,102445456,0,False,Flight terminated,-1090.7546223825202,5.449999999999989,18.548506557731397,,,,,,,,
candidate,covered,66,18,102550185,0,False,Flight terminated,-1127.8047669791372,5.4999999999999885,0.3011799671780981,,,,,,,,
candidate,covered,67,19,102654914,0,False,Flight terminated,-1098.4725520070324,5.549999999999988,0.30424977954107246,,,,,,,,
candidate,covered,68,20,102759643,0,False,Flight terminated,-1088.7703468714537,5.299999999999989,0.2877958348723926,,,,,,,,
candidate,covered,69,21,102864372,0,False,Flight terminated,-1100.2103952678797,5.449999999999989,0.2990346964656384,,,,,,,,
candidate,covered,70,22,102969101,0,False,Flight terminated,-1092.9101770136942,5.549999999999988,0.3011112622803001,,,,,,,,
candidate,covered,71,23,103073830,0,False,Flight terminated,-1095.6186192120383,5.299999999999989,0.28943218610371446,,,,,,,,
candidate,covered,72,0,103178559,0.4,False,Missed the ship,-519.4418514681116,3.7499999999999947,0.1992748816189678,12.611578276715013,40.41934103633388,6.9997709906027294,1.8134896295207872,-1.6115782767150133,-36.81934103633388,-3.9997709906027294,-1.6134896295207872
candidate,covered,73,1,103283288,0.4,False,Flight terminated,-1084.0101316215785,5.349999999999989,0.2934266181762571,,,,,,,,
candidate,covered,74,2,103388017,0.4,False,Flight terminated,-1093.5956073444793,5.399999999999989,0.29581342433792135,,,,,,,,
candidate,covered,75,3,103492746,0.4,False,Flight terminated,-1084.2526828043738,5.249999999999989,0.28783077811024926,,,,,,,,
candidate,covered,76,4,103597475,0.4,False,Flight terminated,-1088.949208948043,5.349999999999989,0.2935143190407837,,,,,,,,
candidate,covered,77,5,103702204,0.4,False,Flight terminated,-1099.5059895428358,5.349999999999989,0.2957383116511502,,,,,,,,
candidate,covered,78,6,103806933,0.4,False,Flight terminated,-1090.4723166612162,5.4999999999999885,0.3039588691289429,,,,,,,,
candidate,covered,79,7,103911662,0.4,False,Flight terminated,-1099.2025637479976,5.299999999999989,0.2885126334316087,,,,,,,,
candidate,covered,80,8,104016391,0.4,False,Missed the ship,-556.5699989727534,4.849999999999991,0.26379407986000303,13.745172391090847,58.38304840559785,9.07752126459197,2.3541590464988618,-6.745172391090847,-54.783048405597846,-6.0775212645919705,-2.1541590464988616
candidate,covered,81,9,104121120,0.4,False,Flight terminated,-1092.3679730296149,5.449999999999989,0.2992152947499294,,,,,,,,
candidate,covered,82,10,104225849,0.4,False,Flight terminated,-1096.0703995125773,5.449999999999989,0.29876668118471666,,,,,,,,
candidate,covered,83,11,104330578,0.4,False,Flight terminated,-1086.7613435920327,5.449999999999989,0.2991606437910419,,,,,,,,
candidate,covered,84,12,104435307,0.4,False,Flight terminated,-1096.1688581959672,5.4999999999999885,0.3039596048845498,,,,,,,,
candidate,covered,85,13,104540036,0.4,False,Flight terminated,-1085.0536212110326,5.249999999999989,0.2919779115947686,,,,,,,,
candidate,covered,86,14,104644765,0.4,False,Missed the ship,-576.515932271021,4.94999999999999,0.2703467311993327,68.57372224303451,58.60884075053851,12.190645497830745,2.4845840380255058,-57.57372224303451,-55.00884075053851,-9.190645497830745,-2.2845840380255056
candidate,covered,87,15,104749494,0.4,False,Flight terminated,-1096.7224714265787,5.549999999999988,0.3052680773617923,,,,,,,,
candidate,covered,88,16,104854223,0.4,False,Flight terminated,-1107.4519084016088,5.4999999999999885,0.30161305234045266,,,,,,,,
candidate,covered,89,17,104958952,0.4,False,Flight terminated,-1092.3824091511372,5.399999999999989,18.371735767179374,,,,,,,,
candidate,covered,90,18,105063681,0.4,False,Flight terminated,-1129.8720234200177,5.399999999999989,0.2957484206094976,,,,,,,,
candidate,covered,91,19,105168410,0.4,False,Flight terminated,-1096.4213638330705,5.299999999999989,0.29175274919739597,,,,,,,,
candidate,covered,92,20,105273139,0.4,False,Flight terminated,-1091.3586188866877,5.399999999999989,0.29461308793604934,,,,,,,,
candidate,covered,93,21,105377868,0.4,False,Flight terminated,-1087.119624130256,5.299999999999989,0.2889947455289372,,,,,,,,
candidate,covered,94,22,105482597,0.4,False,Flight terminated,-1083.827293408743,5.249999999999989,0.28717100697415887,,,,,,,,
candidate,covered,95,23,105587326,0.4,False,Flight terminated,-1098.0638876132768,5.349999999999989,0.29193205321973714,,,,,,,,
candidate,no-instruments,0,0,95638071,0,False,Flight terminated,-1013.6214846525149,1.5500000000000007,-0.011452775100470877,,,,,,,,
candidate,no-instruments,1,1,95742800,0,False,Flight terminated,-1015.6158708190765,1.5500000000000007,-0.009064278323648828,,,,,,,,
candidate,no-instruments,2,2,95847529,0,False,Flight terminated,-1012.3256650794976,1.5500000000000007,-0.011651934404263828,,,,,,,,
candidate,no-instruments,3,3,95952258,0,False,Flight terminated,-1012.2142537799753,1.5500000000000007,-0.012250993250902177,,,,,,,,
candidate,no-instruments,4,4,96056987,0,False,Flight terminated,-1014.0058549157314,1.5500000000000007,-0.009561501141943315,,,,,,,,
candidate,no-instruments,5,5,96161716,0,False,Flight terminated,-1013.5604741605978,1.5500000000000007,-0.010103645713825543,,,,,,,,
candidate,no-instruments,6,6,96266445,0,False,Flight terminated,-1014.0273341156812,1.6000000000000008,-0.011496610972824502,,,,,,,,
candidate,no-instruments,7,7,96371174,0,False,Flight terminated,-1013.0235667673581,1.5500000000000007,-0.00972153785344574,,,,,,,,
candidate,no-instruments,8,8,96475903,0,False,Flight terminated,-1012.5137964868652,1.5500000000000007,-0.011521082834882847,,,,,,,,
candidate,no-instruments,9,9,96580632,0,False,Flight terminated,-1013.3443591401541,1.5500000000000007,-0.011606337616567557,,,,,,,,
candidate,no-instruments,10,10,96685361,0,False,Flight terminated,-1011.9488131205055,1.5500000000000007,-0.011868074163326654,,,,,,,,
candidate,no-instruments,11,11,96790090,0,False,Flight terminated,-1011.837379998682,1.5500000000000007,-0.011617113081111248,,,,,,,,
candidate,no-instruments,12,12,96894819,0,False,Flight terminated,-1012.1534919560478,1.5500000000000007,-0.011670398531718282,,,,,,,,
candidate,no-instruments,13,13,96999548,0,False,Flight terminated,-1011.8373982424877,1.5500000000000007,-0.011855599565824786,,,,,,,,
candidate,no-instruments,14,14,97104277,0,False,Flight terminated,-1010.4569651184519,1.5500000000000007,-0.01197501280827169,,,,,,,,
candidate,no-instruments,15,15,97209006,0,False,Flight terminated,-1012.1302865615646,1.6000000000000008,-0.010543543448724112,,,,,,,,
candidate,no-instruments,16,16,97313735,0,False,Flight terminated,-1014.4583428133681,1.5500000000000007,-0.01285517531629949,,,,,,,,
candidate,no-instruments,17,17,97418464,0,False,Flight terminated,-1014.5506160471119,1.5500000000000007,17.98763515515093,,,,,,,,
candidate,no-instruments,18,18,97523193,0,False,Flight terminated,-1010.5166935806974,1.5500000000000007,-0.011473738949942903,,,,,,,,
candidate,no-instruments,19,19,97627922,0,False,Flight terminated,-1013.4343286970881,1.5500000000000007,-0.00985820980615077,,,,,,,,
candidate,no-instruments,20,20,97732651,0,False,Flight terminated,-1012.7586345409745,1.5500000000000007,-0.011589479091560191,,,,,,,,
candidate,no-instruments,21,21,97837380,0,False,Flight terminated,-1013.4065673011431,1.5500000000000007,-0.011713460847320964,,,,,,,,
candidate,no-instruments,22,22,97942109,0,False,Flight terminated,-1012.239246861577,1.5500000000000007,-0.009758194019212154,,,,,,,,
candidate,no-instruments,23,23,98046838,0,False,Flight terminated,-1013.6239447042168,1.5500000000000007,-0.010361766631209563,,,,,,,,
candidate,no-instruments,24,0,98151567,0.4,False,Flight terminated,-1015.0562986808093,1.5500000000000007,-0.010509064635002485,,,,,,,,
candidate,no-instruments,25,1,98256296,0.4,False,Flight terminated,-1013.1291885065903,1.5500000000000007,-0.012134700953710859,,,,,,,,
candidate,no-instruments,26,2,98361025,0.4,False,Flight terminated,-1012.1240760488471,1.5500000000000007,-0.012503290677228752,,,,,,,,
candidate,no-instruments,27,3,98465754,0.4,False,Flight terminated,-1013.5297793228024,1.5500000000000007,-0.011650290681873867,,,,,,,,
candidate,no-instruments,28,4,98570483,0.4,False,Flight terminated,-1014.7458783758874,1.5500000000000007,-0.009007762505514444,,,,,,,,
candidate,no-instruments,29,5,98675212,0.4,False,Flight terminated,-1014.1154109676708,1.5500000000000007,-0.00969785399595906,,,,,,,,
candidate,no-instruments,30,6,98779941,0.4,False,Flight terminated,-1012.4527098489607,1.5500000000000007,-0.010621345981978092,,,,,,,,
candidate,no-instruments,31,7,98884670,0.4,False,Flight terminated,-1014.7008706958071,1.5500000000000007,-0.013587166052617342,,,,,,,,
candidate,no-instruments,32,8,98989399,0.4,False,Flight terminated,-1013.1044201552468,1.5500000000000007,-0.011673919167337874,,,,,,,,
candidate,no-instruments,33,9,99094128,0.4,False,Flight terminated,-1013.9346631240732,1.5500000000000007,-0.009909300999621772,,,,,,,,
candidate,no-instruments,34,10,99198857,0.4,False,Flight terminated,-1013.0318635389818,1.5500000000000007,-0.011666033369668682,,,,,,,,
candidate,no-instruments,35,11,99303586,0.4,False,Flight terminated,-1011.6044418971587,1.5500000000000007,-0.010364048746422489,,,,,,,,
candidate,no-instruments,36,12,99408315,0.4,False,Flight terminated,-1012.9635283959212,1.5500000000000007,-0.01262348853565037,,,,,,,,
candidate,no-instruments,37,13,99513044,0.4,False,Flight terminated,-1013.785930444593,1.5500000000000007,-0.01136908992826445,,,,,,,,
candidate,no-instruments,38,14,99617773,0.4,False,Flight terminated,-1011.6277546334607,1.6000000000000008,-0.013735130795443204,,,,,,,,
candidate,no-instruments,39,15,99722502,0.4,False,Flight terminated,-1012.4393236752798,1.6000000000000008,-0.011618917813031053,,,,,,,,
candidate,no-instruments,40,16,99827231,0.4,False,Flight terminated,-1013.352663740613,1.5500000000000007,-0.01207067969355926,,,,,,,,
candidate,no-instruments,41,17,99931960,0.4,False,Flight terminated,-1013.4779676542292,1.5500000000000007,17.924330352206535,,,,,,,,
candidate,no-instruments,42,18,100036689,0.4,False,Flight terminated,-1010.7869894306806,1.5500000000000007,-0.012419676858887896,,,,,,,,
candidate,no-instruments,43,19,100141418,0.4,False,Flight terminated,-1012.1908502258011,1.5500000000000007,-0.010128932925815026,,,,,,,,
candidate,no-instruments,44,20,100246147,0.4,False,Flight terminated,-1011.8097287883041,1.5500000000000007,-0.011418406797329377,,,,,,,,
candidate,no-instruments,45,21,100350876,0.4,False,Flight terminated,-1012.441162537988,1.6000000000000008,-0.01212704527114402,,,,,,,,
candidate,no-instruments,46,22,100455605,0.4,False,Flight terminated,-1012.9120188399635,1.5500000000000007,-0.009087694088834726,,,,,,,,
candidate,no-instruments,47,23,100560334,0.4,False,Flight terminated,-1014.5930661408584,1.6000000000000008,-0.012276233027246354,,,,,,,,
candidate,no-instruments,48,0,100665063,0,False,Flight terminated,-1013.1754985608702,1.5500000000000007,-0.009058986954543128,,,,,,,,
candidate,no-instruments,49,1,100769792,0,False,Flight terminated,-1012.3654938057693,1.5500000000000007,-0.01080971456188732,,,,,,,,
candidate,no-instruments,50,2,100874521,0,False,Flight terminated,-1012.2680196895345,1.5000000000000007,-0.009690834418169567,,,,,,,,
candidate,no-instruments,51,3,100979250,0,False,Flight terminated,-1012.1301875728606,1.5500000000000007,-0.011999137077192941,,,,,,,,
candidate,no-instruments,52,4,101083979,0,False,Flight terminated,-1012.777254512259,1.5500000000000007,-0.009544207202169877,,,,,,,,
candidate,no-instruments,53,5,101188708,0,False,Flight terminated,-1013.3750790122511,1.5500000000000007,-0.009994916331824713,,,,,,,,
candidate,no-instruments,54,6,101293437,0,False,Flight terminated,-1013.7162095074731,1.5500000000000007,-0.009762791144136569,,,,,,,,
candidate,no-instruments,55,7,101398166,0,False,Flight terminated,-1014.4017270658702,1.5500000000000007,-0.009798502157839145,,,,,,,,
candidate,no-instruments,56,8,101502895,0,False,Flight terminated,-1011.6226021003089,1.5500000000000007,-0.01189232225332313,,,,,,,,
candidate,no-instruments,57,9,101607624,0,False,Flight terminated,-1013.2529877024234,1.5500000000000007,-0.012447707957065623,,,,,,,,
candidate,no-instruments,58,10,101712353,0,False,Flight terminated,-1014.2377551164105,1.5500000000000007,-0.01251933029916646,,,,,,,,
candidate,no-instruments,59,11,101817082,0,False,Flight terminated,-1011.4605736287153,1.5500000000000007,-0.011404877761295769,,,,,,,,
candidate,no-instruments,60,12,101921811,0,False,Flight terminated,-1013.2465396369809,1.5500000000000007,-0.010878051930994195,,,,,,,,
candidate,no-instruments,61,13,102026540,0,False,Flight terminated,-1013.8980237378528,1.6000000000000008,-0.012821667873840826,,,,,,,,
candidate,no-instruments,62,14,102131269,0,False,Flight terminated,-1010.5784320384873,1.5500000000000007,-0.011525670173803565,,,,,,,,
candidate,no-instruments,63,15,102235998,0,False,Flight terminated,-1011.3641331832278,1.6500000000000008,-0.009112371713090994,,,,,,,,
candidate,no-instruments,64,16,102340727,0,False,Flight terminated,-1012.7960567926679,1.5500000000000007,-0.011389506969228885,,,,,,,,
candidate,no-instruments,65,17,102445456,0,False,Flight terminated,-1013.288221028293,1.5500000000000007,17.987083533943803,,,,,,,,
candidate,no-instruments,66,18,102550185,0,False,Flight terminated,-1011.945511930522,1.5500000000000007,-0.011955643319286495,,,,,,,,
candidate,no-instruments,67,19,102654914,0,False,Flight terminated,-1012.739162105756,1.5500000000000007,-0.010041265222031609,,,,,,,,
candidate,no-instruments,68,20,102759643,0,False,Flight terminated,-1013.2968492980223,1.5500000000000007,-0.011552526911807321,,,,,,,,
candidate,no-instruments,69,21,102864372,0,False,Flight terminated,-1013.1991666812293,1.5500000000000007,-0.011424766942344148,,,,,,,,
candidate,no-instruments,70,22,102969101,0,False,Flight terminated,-1013.0446687897585,1.5500000000000007,-0.009759481739727327,,,,,,,,
candidate,no-instruments,71,23,103073830,0,False,Flight terminated,-1013.1547784265075,1.5500000000000007,-0.010554715701845838,,,,,,,,
candidate,no-instruments,72,0,103178559,0.4,False,Flight terminated,-1012.6133918387047,1.5500000000000007,-0.007470927034810536,,,,,,,,
candidate,no-instruments,73,1,103283288,0.4,False,Flight terminated,-1014.1347038702555,1.5500000000000007,-0.010337838418252289,,,,,,,,
candidate,no-instruments,74,2,103388017,0.4,False,Flight terminated,-1012.4842361463515,1.5500000000000007,-0.010486531170036477,,,,,,,,
candidate,no-instruments,75,3,103492746,0.4,False,Flight terminated,-1012.3879776387847,1.5500000000000007,-0.011901466720500338,,,,,,,,
candidate,no-instruments,76,4,103597475,0.4,False,Flight terminated,-1014.3865580094205,1.6000000000000008,-0.01192993643515686,,,,,,,,
candidate,no-instruments,77,5,103702204,0.4,False,Flight terminated,-1013.9407984877355,1.5500000000000007,-0.010875655666558954,,,,,,,,
candidate,no-instruments,78,6,103806933,0.4,False,Flight terminated,-1013.9160053903968,1.5500000000000007,-0.009928581494747239,,,,,,,,
candidate,no-instruments,79,7,103911662,0.4,False,Flight terminated,-1012.3581390373089,1.5500000000000007,-0.011366321740074315,,,,,,,,
candidate,no-instruments,80,8,104016391,0.4,False,Flight terminated,-1011.7192403146488,1.5500000000000007,-0.011632147982911222,,,,,,,,
candidate,no-instruments,81,9,104121120,0.4,False,Flight terminated,-1015.3471536591769,1.5500000000000007,-0.011856317125702233,,,,,,,,
candidate,no-instruments,82,10,104225849,0.4,False,Flight terminated,-1013.7179749944538,1.5500000000000007,-0.01268003389545758,,,,,,,,
candidate,no-instruments,83,11,104330578,0.4,False,Flight terminated,-1016.0265282026966,1.5500000000000007,-0.01247523779277108,,,,,,,,
candidate,no-instruments,84,12,104435307,0.4,False,Flight terminated,-1012.0310275786486,1.5500000000000007,-0.011940905787289569,,,,,,,,
candidate,no-instruments,85,13,104540036,0.4,False,Flight terminated,-1013.0739761754669,1.5500000000000007,-0.011574704233204069,,,,,,,,
candidate,no-instruments,86,14,104644765,0.4,False,Flight terminated,-1011.7255801331746,1.5500000000000007,-0.012760061220168047,,,,,,,,
candidate,no-instruments,87,15,104749494,0.4,False,Flight terminated,-1011.149531401459,1.6000000000000008,-0.00845481389948893,,,,,,,,
candidate,no-instruments,88,16,104854223,0.4,False,Flight terminated,-1013.1497607064075,1.5500000000000007,-0.011829395118646498,,,,,,,,
candidate,no-instruments,89,17,104958952,0.4,False,Flight terminated,-1014.6430919860144,1.5500000000000007,17.81676047917664,,,,,,,,
candidate,no-instruments,90,18,105063681,0.4,False,Flight terminated,-1012.9018113131563,1.5000000000000007,-0.009999100493842374,,,,,,,,
candidate,no-instruments,91,19,105168410,0.4,False,Flight terminated,-1012.4583446023452,1.6000000000000008,-0.012599812946480987,,,,,,,,
candidate,no-instruments,92,20,105273139,0.4,False,Flight terminated,-1014.3321542602454,1.5500000000000007,-0.01233367752689709,,,,,,,,
candidate,no-instruments,93,21,105377868,0.4,False,Flight terminated,-1014.1069950255313,1.5500000000000007,-0.009676589032260586,,,,,,,,
candidate,no-instruments,94,22,105482597,0.4,False,Flight terminated,-1013.9408738639802,1.5500000000000007,-0.009382667137661935,,,,,,,,
candidate,no-instruments,95,23,105587326,0.4,False,Flight terminated,-1012.4110152992098,1.5000000000000007,-0.009291698962980655,,,,,,,,
released,normal,0,0,95638071,0,True,Touchdown,76.77300936658406,26.850000000000247,0.0355165785808144,4.499199448732846,2.070471442803398,0.7709627151390099,0.010560887221513651,6.500800551267154,1.5295285571966022,2.22903728486099,0.18943911277848635
released,normal,1,1,95742800,0,True,Touchdown,56.387233457826014,43.59999999999966,0.10630045801351398,5.624153178363504,1.820334091492583,0.7789865160136947,0.007548610529187773,5.375846821636496,1.7796659085074171,2.2210134839863054,0.19245138947081225
released,normal,2,2,95847529,0,True,Touchdown,-30.255249825413287,58.799999999998796,0.08072738510605947,5.693321885410781,2.042781044985491,1.742849289492103,0.009011349042456478,5.306678114589219,1.557218955014509,1.257150710507897,0.19098865095754353
released,normal,3,3,95952258,0,False,Missed the ship,-157.47766228119286,52.149999999999174,0.0022267042950384233,12.068872367335114,1.568616253164548,1.9493574996400753,0.04985996035953512,-1.0688723673351141,2.031383746835452,1.0506425003599247,0.1501400396404649
released,normal,4,4,96056987,0,False,Lateral impact,-192.34928985221273,59.64999999999875,0.036719883823084484,9.455081970228605,2.1366985950433053,3.230453662756005,0.0801140044563875,1.5449180297713951,1.4633014049566948,-0.23045366275600498,0.11988599554361251
released,normal,5,5,96161716,0,False,Lateral impact,-204.19110891419513,64.44999999999848,0.03173006523573286,8.210202464714966,2.041087300115145,4.598971275914371,0.08084742735078164,2.789797535285034,1.5589126998848553,-1.598971275914371,0.11915257264921837
released,normal,6,6,96266445,0,True,Touchdown,-30.048762968748036,58.84999999999879,0.009239483631989833,5.065850876907099,2.6671818053218517,2.295591833103739,0.10667079753919123,5.934149123092901,0.9328181946781484,0.7044081668962612,0.09332920246080878
released,normal,7,7,96371174,0,False,Lateral impact,-184.12427912276127,59.24999999999877,-0.11813243468327314,6.566102153598591,3.161768081121799,4.8264538122338845,0.08519663314569713,4.433897846401409,0.4382319188782011,-1.8264538122338845,0.11480336685430288
released,normal,8,8,96475903,0,True,Touchdown,10.676148122207735,44.5999999999996,0.04614929347575276,5.82951935205714,1.9421434571927205,0.7107324375590669,0.026381112622665626,1.1704806479428598,1.6578565428072796,2.289267562440933,0.17361888737733439
released,normal,9,9,96580632,0,False,Missed the ship,-146.07440836067815,46.04999999999952,0.04286205085112554,11.235879221225053,2.1784364078003335,2.196714719238851,0.10389930272765228,-0.23587922122505312,1.4215635921996665,0.8032852807611488,0.09610069727234773
released,normal,10,10,96685361,0,True,Touchdown,-14.02129140425545,52.09999999999918,0.07144249495636519,6.863312892572917,1.736983515081232,1.5650457150471233,0.009407452964491093,4.136687107427083,1.863016484918768,1.4349542849528767,0.19059254703550893
released,normal,11,11,96790090,0,False,Missed the ship,-169.19361511001148,53.84999999999908,0.08863808463763893,18.350590452819105,1.6208900657996588,2.2365050021594244,0.10601691909431174,-7.350590452819105,1.9791099342003413,0.7634949978405756,0.09398308090568827
released,normal,12,12,96894819,0,True,Touchdown,-13.984120186783912,50.29999999999928,0.01893754493671086,5.764907785234864,2.1685989747981984,1.0048957166528607,0.046006106871361016,5.235092214765136,1.4314010252018017,1.9951042833471393,0.15399389312863898
released,normal,13,13,96999548,0,False,Missed the ship,-255.56714329773104,54.74999999999903,0.050589147421146605,74.32451114226492,1.6556519399034337,1.94186622837629,0.19851411980442604,-63.324511142264925,1.9443480600965664,1.05813377162371,0.0014858801955739687
released,normal,14,14,97104277,0,True,Touchdown,57.74030546917476,41.54999999999978,-0.03034226707884955,7.483903664686818,1.9862494115242197,0.8823070148378873,0.05241592809706267,3.5160963353131818,1.6137505884757803,2.1176929851621127,0.14758407190293735
released,normal,15,15,97209006,0,True,Touchdown,-2.9466793104172666,48.1999999999994,0.14867687937270985,3.4738921807567986,1.6649481108242,0.6304695630655661,0.0377091366160406,7.526107819243201,1.9350518891758002,2.3695304369344337,0.16229086338395943
released,normal,16,16,97313735,0,True,Touchdown,-19.283797866513126,53.09999999999912,0.15526671631522432,3.208253943745272,2.278551425392941,1.0518653661517328,0.09614548447647553,7.791746056254728,1.321448574607059,1.9481346338482672,0.10385451552352448
released,normal,17,17,97418464,0,True,Touchdown,-43.833879451194306,61.94999999999862,17.863879316098668,8.625371318934073,1.6108751874800415,1.4985096075136035,0.035511929606236003,2.3746286810659267,1.9891248125199585,1.5014903924863965,0.164488070393764
released,normal,18,18,97523193,0,False,Approach timed out,-355.51341301116906,65.04999999999845,0.2830406495011407,,,,,,,,
released,normal,19,19,97627922,0,False,Missed the ship,-210.51833181555145,64.89999999999846,0.06988440545609595,12.47396414534725,1.9471766786071503,4.878245254745623,0.08464568842142735,-4.473964145347249,1.6528233213928498,-1.8782452547456234,0.11535431157857266
released,normal,20,20,97732651,0,True,Touchdown,-20.394196014667713,57.19999999999889,0.10069320714897201,2.7403654182110757,2.079840009444975,1.5418264220542313,0.11130577687175942,8.259634581788925,1.5201599905550252,1.4581735779457687,0.08869422312824059
released,normal,21,21,97837380,0,True,Touchdown,-22.515158469383053,56.699999999998916,0.10189818294435662,7.01502148321155,2.9635505081009272,1.6189578523368613,0.13820950463965787,3.98497851678845,0.6364494918990729,1.3810421476631387,0.061790495360342146
released,normal,22,22,97942109,0,True,Touchdown,-11.56762613621504,56.79999999999891,-0.11460826748786598,2.3496142767611516,3.1822434759822373,2.5143583410508596,0.14204545031957072,8.650385723238848,0.41775652401776275,0.48564165894914035,0.05795454968042929
released,normal,23,23,98046838,0,True,Touchdown,-28.563704262131765,59.24999999999877,-0.18339059111411404,9.348526916348339,3.272020907299845,2.213025495578569,0.020480996107292083,1.651473083651661,0.32797909270015513,0.7869745044214311,0.17951900389270792
released,normal,24,0,98151567,0.4,True,Touchdown,71.34413200441281,30.800000000000303,0.08316308088240497,1.1368799439668469,2.053683787598291,0.053136612774217,0.03086979683930827,9.863120056033154,1.5463162124017091,2.946863387225783,0.16913020316069174
released,normal,25,1,98256296,0.4,True,Touchdown,61.79272087468479,41.84999999999976,0.03720181267262641,3.005742767533277,2.1914443586936594,1.2194337645345117,0.024919387173321227,7.9942572324667225,1.4085556413063407,1.7805662354654883,0.17508061282667878
released,normal,26,2,98361025,0.4,True,Touchdown,-40.59085491926707,61.449999999998646,0.20850231142732692,5.307240211153815,1.9091934666901242,0.3669325960315777,0.011704798730803023,5.692759788846185,1.6908065333098758,2.6330674039684223,0.188295201269197
released,normal,27,3,98465754,0.4,True,Touchdown,-19.099413761615367,52.79999999999914,0.05893767486015225,4.201168780487928,1.9796529135346874,1.8907903491982034,0.0533322100695242,6.798831219512072,1.6203470864653127,1.1092096508017966,0.1466677899304758
released,normal,28,4,98570483,0.4,True,Touchdown,-43.23814108591276,61.299999999998654,0.0569843750582379,2.649529677583233,1.7737045704180536,2.5713748158896994,0.08434211232565512,8.350470322416767,1.8262954295819465,0.4286251841103006,0.11565788767434489
released,normal,29,5,98675212,0.4,False,Missed the ship,-201.95256687090355,64.2499999999985,0.05600967778053348,14.092116034008285,2.00739409186843,3.1345419596346047,0.06396865716018939,-3.092116034008285,1.5926059081315702,-0.1345419596346047,0.1360313428398106
released,normal,30,6,98779941,0.4,False,Lateral impact,-180.52153206380905,57.79999999999885,0.03308440667335095,7.300075452660316,2.459814210978825,3.709978340963729,0.0612630124833561,3.699924547339684,1.1401857890211753,-0.7099783409637288,0.13873698751664393
released,normal,31,7,98884670,0.4,False,Attitude at impact,-206.5268454487774,58.39999999999882,-0.07035188070318284,7.397692155311034,3.594033539534697,5.772209539810848,0.24333631052681495,3.6023078446889656,0.005966460465303136,-2.7722095398108477,-0.04333631052681494
released,normal,32,8,98989399,0.4,True,Touchdown,4.2076094151710635,46.499999999999496,0.07247309475541451,4.438666222042595,1.6381086248048968,0.8716835399340024,0.020697075147841255,2.5613337779574046,1.9618913751951033,2.1283164600659976,0.17930292485215876
released,normal,33,9,99094128,0.4,True,Touchdown,-1.3531623911960793,46.94999999999947,0.05919515261962269,0.8162368906367953,1.9931178639139673,2.3017419296774198,0.023130916177973346,10.183763109363206,1.6068821360860328,0.6982580703225802,0.17686908382202665
released,normal,34,10,99198857,0.4,True,Touchdown,-13.702893627525583,52.04999999999918,0.005124066545319699,4.9546170751168646,2.3352779849941667,2.937606122539449,0.04356694171609423,6.0453829248831354,1.2647220150058334,0.06239387746055103,0.15643305828390577
released,normal,35,11,99303586,0.4,False,Missed the ship,-163.04670879361927,52.19999999999917,0.039275068197241296,13.987092246414427,1.7234360622502347,1.236051060079553,0.15276266017550794,-2.987092246414427,1.8765639377497654,1.763948939920447,0.047237339824492075
released,normal,36,12,99408315,0.4,True,Touchdown,-19.397890901912035,51.99999999999918,0.11592310495185086,5.727349661325625,1.8920836052717827,1.7251028790186937,0.05017554762900887,5.272650338674375,1.7079163947282174,1.2748971209813063,0.14982445237099115
released,normal,37,13,99513044,0.4,False,Missed the ship,-259.3269570395912,55.199999999999,0.015236609400569607,77.00083217957334,1.6876257654662337,2.6420335961329853,0.20820212199153615,-66.00083217957334,1.9123742345337664,0.3579664038670147,-0.008202121991536138
released,normal,38,14,99617773,0.4,True,Touchdown,61.92215524039283,39.04999999999992,-0.039655679620412,4.4001099157023225,1.9738505035898017,0.7951466662408003,0.041642526297156576,6.5998900842976775,1.6261494964101983,2.2048533337592,0.15835747370284342
released,normal,39,15,99722502,0.4,True,Touchdown,-12.237724721707352,51.49999999999921,0.17235131265724435,2.6615542159661216,1.7486277118157874,1.5298408825373708,0.07152616870578692,8.338445784033878,1.8513722881842127,1.4701591174626292,0.12847383129421308
released,normal,40,16,99827231,0.4,True,Touchdown,-25.26173651598492,56.24999999999894,0.1043041507581796,8.385286204381568,1.901085738091068,2.0713291011367536,0.10353488953029628,2.6147137956184316,1.6989142619089321,0.9286708988632464,0.09646511046970373
released,normal,41,17,99931960,0.4,False,Missed the ship,-181.71755347389734,59.44999999999876,17.919152188403753,12.919213455679861,2.32144467939006,1.5267681101233888,0.1282048131755427,-1.919213455679861,1.2785553206099403,1.4732318898766112,0.07179518682445732
released,normal,42,18,100036689,0.4,False,Approach timed out,-366.37519140700874,65.04999999999845,0.28802577241687366,,,,,,,,
released,normal,43,19,100141418,0.4,False,Approach timed out,-183.95736116465986,65.04999999999845,0.051537222846401165,,,,,,,,
released,normal,44,20,100246147,0.4,True,Touchdown,-16.37731882365955,56.9999999999989,0.08000480531339452,8.057709182513712,2.471103565084073,1.523641432411165,0.0844498508706069,2.9422908174862883,1.128896434915927,1.476358567588835,0.11555014912939311
released,normal,45,21,100350876,0.4,True,Touchdown,-15.784232337055286,54.89999999999902,0.08860373991269613,10.535935214441391,2.537932864194143,2.8199720741852015,0.16035470855779163,0.46406478555860886,1.062067135805857,0.18002792581479854,0.03964529144220838
released,normal,46,22,100455605,0.4,False,Lateral impact,-164.07937171163945,56.79999999999891,-0.11510408178846192,5.2402464315094015,3.1096858278758144,3.402662753925979,0.03613209269607906,5.7597535684905985,0.4903141721241857,-0.40266275392597883,0.16386790730392095
released,normal,47,23,100560334,0.4,False,Lateral impact,-182.23862530723355,60.399999999998705,-0.2516087282222849,5.206744770897181,2.89765614995268,3.619033528407793,0.035353341743438495,5.793255229102819,0.70234385004732,-0.619033528407793,0.16464665825656152
released,normal,48,0,100665063,0,True,Touchdown,78.7451547843313,25.500000000000227,-0.0026955352494471394,3.655092507172047,1.97068796291574,0.24716880950792733,0.023214188875940758,7.344907492827954,1.62931203708426,2.752831190492073,0.17678581112405925
released,normal,49,1,100769792,0,True,Touchdown,61.31676512391534,42.59999999999972,0.09518170326014833,3.175323261863053,1.8717234491808443,0.8890898620438761,0.002425931316735305,7.824676738136947,1.7282765508191558,2.110910137956124,0.19757406868326471
released,normal,50,2,100874521,0,True,Touchdown,-20.446175294549036,55.499999999998984,0.12116210289104447,6.474514956095979,1.8774816623383963,1.1958464583130661,0.023220383082011423,4.525485043904021,1.7225183376616038,1.8041535416869339,0.1767796169179886
released,normal,51,3,100979250,0,True,Touchdown,-8.993021449385708,49.79999999999931,0.14439713485671168,2.1429097630777614,1.7968605831731446,1.6527194500568667,0.029200380245327315,8.85709023692224,1.8031394168268555,1.3472805499431333,0.1707996197546727
released,normal,52,4,101083979,0,True,Touchdown,-27.32769358151461,55.149999999999004,0.056721708735937175,8.869344124358506,2.1455246577693634,2.8648975634007856,0.15795395833549786,2.1306558756414944,1.4544753422306367,0.1351024365992144,0.042046041664502154
released,normal,53,5,101188708,0,False,Missed the ship,-191.27511247564854,61.59999999999864,0.03726362496231332,12.191444383777068,1.9741957277738897,2.9812181975689724,0.03843145825254558,-1.1914443837770676,1.6258042722261103,0.01878180243102756,0.16156854174745444
released,normal,54,6,101293437,0,False,Lateral impact,-184.58521508754725,56.899999999998904,0.039647105626385466,8.019114579123318,2.484289494595212,4.110283312499953,0.07981595382943597,2.9808854208766817,1.1157105054047882,-1.110283312499953,0.12018404617056404
released,normal,55,7,101398166,0,False,Lateral impact,-181.68468726168743,58.7499999999988,-0.10847865219933714,5.789948325356651,2.8827467158622198,4.62450182564248,0.04420387667922317,5.210051674643349,0.7172532841377803,-1.6245018256424801,0.15579612332077686
released,normal,56,8,101502895,0,True,Touchdown,13.182074613020944,44.399999999999615,-0.04028699343428648,2.0306961722282595,1.6106638369166784,0.33255300857498954,0.022906769724249498,4.969303827771741,1.9893361630833217,2.6674469914250105,0.17709323027575052
released,normal,57,9,101607624,0,True,Touchdown,-1.2563986959669933,47.049999999999464,0.14816161412691356,7.1064339414605575,2.0623886183192996,1.754897762400726,0.04738853208954902,3.8935660585394425,1.5376113816807004,1.245102237599274,0.152611467910451
released,normal,58,10,101712353,0,True,Touchdown,-14.835909501472017,51.249999999999226,0.04111880945108165,2.5797466625289225,2.235569728602666,2.915491966711405,0.09024430584990469,8.420253337471078,1.364430271397334,0.08450803328859502,0.10975569415009533
released,normal,59,11,101817082,0,False,Missed the ship,-168.04780652086396,53.59999999999909,0.057693324280383165,15.299967569913635,1.6114462926974875,2.41102134357806,0.14239601624859083,-4.299967569913635,1.9885537073025126,0.5889786564219399,0.05760398375140918
released,normal,60,12,101921811,0,True,Touchdown,-12.416897322651636,49.64999999999932,0.11159213746319921,3.904621213184225,1.593467317332,1.1899010421588725,0.09263261359924012,7.095378786815775,2.0065326826680003,1.8100989578411275,0.10736738640075989
released,normal,61,13,102026540,0,False,Missed the ship,-268.9505053872912,57.64999999999886,0.022680385963488033,75.28980793000133,1.6576268062943726,3.7472412875648047,0.22228214412075745,-64.28980793000133,1.9423731937056274,-0.7472412875648047,-0.022282144120757436
released,normal,62,14,102131269,0,True,Touchdown,56.752695928484336,40.899999999999814,-0.0980450425466867,8.809045258835916,1.7286332301924616,2.2444524655995344,0.053970672180731954,2.1909547411640844,1.8713667698075385,0.7555475344004656,0.14602932781926806
released,normal,63,15,102235998,0,True,Touchdown,-1.4236330250658256,47.749999999999424,0.09566408363584351,2.120410552321276,2.2808104563648,1.1955275134416976,0.04503817427840717,8.879589447678724,1.3191895436352001,1.8044724865583024,0.15496182572159284
released,normal,64,16,102340727,0,True,Touchdown,-19.18511167697679,53.74999999999908,0.08936271165511833,0.6841372512868445,1.9988799435362377,1.2305730467320906,0.05331031869042783,10.315862748713155,1.6011200564637624,1.7694269532679094,0.1466896813095722
released,normal,65,17,102445456,0,True,Touchdown,-42.09934730421618,62.499999999998586,18.01683698455118,4.325535244961376,2.060722637191495,1.4649100041750922,0.06725679096121431,6.674464755038624,1.5392773628085052,1.5350899958249078,0.1327432090387857
released,normal,66,18,102550185,0,False,Approach timed out,-363.51562242770524,65.04999999999845,0.3140728331618447,,,,,,,,
released,normal,67,19,102654914,0,False,Lateral impact,-203.56571863400785,63.79999999999851,0.05995469316767766,7.041266247537979,2.023584592855169,4.641505047733526,0.07844380052982505,0.9587337524620212,1.576415407144831,-1.641505047733526,0.12155619947017496
released,normal,68,20,102759643,0,True,Touchdown,-16.288400894263702,54.949999999999015,0.05769949976997398,5.7082293516687095,2.395576332114605,1.3076733114945711,0.11279535895636578,5.2917706483312905,1.2044236678853952,1.6923266885054289,0.08720464104363423
released,normal,69,21,102864372,0,True,Touchdown,-17.825279260397934,53.549999999999095,0.16244657057428377,7.009640070396624,2.457041810095782,2.0452122821379874,0.104949048190815,3.9903599296033763,1.1429581899042183,0.9547877178620126,0.095050951809185
released,normal,70,22,102969101,0,True,Touchdown,-8.62326626667739,55.74999999999897,-0.10959067869157546,6.0902152951456605,3.0386308322381486,1.9257368272854292,0.10810917275133329,4.9097847048543395,0.5613691677618515,1.0742631727145708,0.09189082724866672
released,normal,71,23,103073830,0,False,Lateral impact,-175.8891574830674,58.999999999998785,-0.19363394218980412,1.8095447898200319,3.0968086856512405,3.8162253634339787,0.09498311205363369,9.190455210179968,0.5031913143487596,-0.8162253634339787,0.10501688794636632
released,normal,72,0,103178559,0.4,True,Touchdown,76.44339088238613,26.700000000000244,0.024516697035458543,2.2334000455953014,1.7295548596237487,0.5403250247857283,0.031246225296448757,8.766599954404699,1.8704451403762514,2.4596749752142717,0.16875377470355124
released,normal,73,1,103283288,0.4,True,Touchdown,59.19796887559768,42.39999999999973,0.07899676087691049,3.6895337700986954,1.5184685823564013,0.6368581696120732,0.05132583521885723,7.310466229901305,2.081531417643599,2.363141830387927,0.1486741647811428
released,normal,74,2,103388017,0.4,True,Touchdown,-25.35046228947671,55.79999999999897,0.1361883786796401,10.996435071362765,1.9521860968217568,1.4508684040278166,0.11567426424890791,0.003564928637235454,1.6478139031782433,1.5491315959721834,0.0843257357510921
released,normal,75,3,103492746,0.4,True,Touchdown,-5.290093367811963,49.499999999999325,0.16238580992765272,6.062087723618639,2.1903294312358637,0.6859976170188399,0.060542358232194254,4.937912276381361,1.4096705687641364,2.31400238298116,0.13945764176780576
released,normal,76,4,103597475,0.4,True,Touchdown,-40.42143944705987,59.149999999998776,0.01867219786093644,4.964601183264031,1.7518722626288872,1.6472709552028322,0.07466191517398725,6.035398816735969,1.848127737371113,1.3527290447971678,0.12533808482601277
released,normal,77,5,103702204,0.4,False,Approach timed out,-205.12359484986018,65.04999999999845,0.0553885572867189,,,,,,,,
released,normal,78,6,103806933,0.4,True,Touchdown,-31.323628162255474,59.549999999998754,0.01323759122415206,7.702518615920226,2.2139420931351754,2.9393074839323394,0.1244287057662184,3.2974813840797736,1.3860579068648247,0.060692516067660573,0.07557129423378162
released,normal,79,7,103911662,0.4,False,Lateral impact,-184.0964530726048,59.99999999999873,-0.12259074116732846,3.026276962012805,3.0399902084302535,4.46876189140386,0.09243138757215866,7.973723037987195,0.5600097915697466,-1.4687618914038598,0.10756861242784135
released,normal,80,8,104016391,0.4,True,Touchdown,18.424574321507052,41.049999999999805,0.11896195730597714,1.615055141890177,2.190738603450834,0.8729552192756317,0.02145827758935066,5.384944858109823,1.4092613965491663,2.1270447807243684,0.17854172241064936
released,normal,81,9,104121120,0.4,True,Touchdown,-10.836128451546543,48.69999999999937,0.14715925091065085,9.098473020620343,1.8855128401353272,0.9877386500524687,0.07793278051638361,1.901526979379657,1.714487159864673,2.012261349947531,0.1220672194836164
released,normal,82,10,104225849,0.4,True,Touchdown,-25.404630650589056,54.54999999999904,0.0795035310857899,6.528770322600496,1.764929007277247,1.8211930213944567,0.049752174551769564,4.471229677399504,1.835070992722753,1.1788069786055433,0.15024782544823045
released,normal,83,11,104330578,0.4,False,Missed the ship,-215.1776224247489,59.79999999999874,0.08939352493277526,24.507834068134272,1.7737121714637036,5.8087694312785345,0.2023196613537438,-13.507834068134272,1.8262878285362965,-2.8087694312785345,-0.002319661353743785
released,normal,84,12,104435307,0.4,True,Touchdown,-23.494632636676585,55.34999999999899,0.06966314610316028,10.794128110900925,1.5146071638866765,1.1987760327817818,0.10483282700012697,0.2058718890990754,2.0853928361133236,1.8012239672182182,0.09516717299987304
released,normal,85,13,104540036,0.4,False,Missed the ship,-267.4924881257865,56.49999999999893,0.04432777936130849,83.8420652842692,1.7185255226626768,3.1628571280000264,0.2923780292262257,-72.8420652842692,1.8814744773373233,-0.16285712800002639,-0.09237802922622568
released,normal,86,14,104644765,0.4,True,Touchdown,49.460336815648546,45.39999999999956,0.04399684907328647,3.6710820952515175,1.469277019803592,0.3818971484333518,0.022618553026650102,7.328917904748483,2.130722980196408,2.6181028515666482,0.1773814469733499
released,normal,87,15,104749494,0.4,True,Touchdown,-15.739607363394356,51.84999999999919,0.09763582575447877,7.845207645939669,1.9140963414653214,1.1572954325542457,0.01718488008731026,3.154792354060331,1.6859036585346787,1.8427045674457543,0.18281511991268976
released,normal,88,16,104854223,0.4,True,Touchdown,-16.23800436548204,50.94999999999924,0.08694783756928887,2.000000926234593,1.9929627033639365,0.9898668737053584,0.054943542532232874,8.999999073765407,1.6070372966360635,2.0101331262946416,0.14505645746776713
released,normal,89,17,104958952,0.4,True,Touchdown,-39.57783011479826,60.949999999998674,17.832854581599012,7.943306005760038,2.200920914678292,0.24320100490005164,0.04126577294823255,3.0566939942399616,1.3990790853217079,2.7567989950999485,0.15873422705176746
released,normal,90,18,105063681,0.4,False,Approach timed out,-369.62144461441085,65.04999999999845,0.2769663662104121,,,,,,,,
released,normal,91,19,105168410,0.4,False,Approach timed out,-184.84708177220708,65.04999999999845,0.03052979733575001,,,,,,,,
released,normal,92,20,105273139,0.4,True,Touchdown,-21.165029873392342,56.549999999998924,0.07495760258007636,1.0954991246472543,2.503042056385735,1.0555766752563405,0.04602466176547191,9.904500875352745,1.0969579436142651,1.9444233247436595,0.1539753382345281
released,normal,93,21,105377868,0.4,True,Touchdown,-13.067952501234672,53.64999999999909,0.06809695048635077,3.9254681554313398,2.7887330796714,2.534436471084115,0.05440168837582935,7.074531844568661,0.8112669203286003,0.4655635289158848,0.14559831162417067
released,normal,94,22,105482597,0.4,True,Touchdown,-16.60430901516517,58.449999999998816,-0.10194853588393035,6.24724760549281,2.9028413197256535,2.979927303625042,0.05681744110297514,4.75275239450719,0.6971586802743466,0.02007269637495801,0.14318255889702486
released,normal,95,23,105587326,0.4,False,Lateral impact,-185.04362920460602,60.19999999999872,-0.21111260272956117,3.119658810496535,3.036493780109666,4.482615435199844,0.15534938026719416,7.880341189503465,0.5635062198903342,-1.4826154351998442,0.044650619732805846
