arm,generation,candidateIndex,caseIndex,seed,scenario,activationGain,score,landed,styleBonus,styleRecovered,turnDegrees,reason,variation,touchdown,time,orbitComplete,orbits,maxAltitude,milestones,insertionQuality,insertionReward,insertionHoldQuality,insertionHoldReward,longestStrictInsertionHoldSeconds,conditionalPeriapsis,conditionalPeriapsisEligibleSeconds,strictInsertionHoldProgress,conditionalPeriapsisProgress,censored
"""standard""",1,0,0,714133,24,1,-483.70353666020577,false,0,false,-0.04113986199197789,"""Flight left the recovery corridor""","{""level"":0,""mass"":1,""thrust"":1,""servo"":1,""wind"":1,""deck"":1,""noise"":0}",null,154.14999999999714,false,0,12008.601614937394,"[{""name"":""Launch"",""time"":1.7500000000000009,""altitude"":4.16126340092886},{""name"":""Space"",""time"":106.64999999999714,""altitude"":816.3334401808662}]",0.8138930675728293,1176.6716810873952,0.05182883947068014,262.1946073648162,0,227.0936899802382,1.899999999999892,0,0.9157490720559174,false
"""standard""",1,0,1,553619,25,1,-484.1077956287261,false,0,false,-0.06333359644570644,"""Flight left the recovery corridor""","{""level"":0.4,""mass"":1.083884693447206,""thrust"":1.016267903124684,""servo"":1.2656766754682975,""wind"":0.8935277738499552,""deck"":1.0097203840138167,""noise"":0.004}",null,167.04999999999654,false,0,12070.75487988779,"[{""name"":""Launch"",""time"":1.950000000000001,""altitude"":4.181085905816465},{""name"":""Space"",""time"":119.29999999999656,""altitude"":816.4227098106346}]",0.7911404498030159,1149.368539763619,0.04009544904400348,248.11453885280417,0,null,0,0,0,false
"""standard""",1,0,2,564010,26,1,-488.2668979968462,false,0,false,0.06405102908096022,"""Flight left the recovery corridor""","{""level"":0,""mass"":1,""thrust"":1,""servo"":1,""wind"":1,""deck"":1,""noise"":0}",null,167.5499999999965,false,0,12029.483302200044,"[{""name"":""Launch"",""time"":1.7000000000000008,""altitude"":4.099285333482667},{""name"":""Space"",""time"":119.7999999999965,""altitude"":806.1792474700214}]",0.7877951646482192,1145.354197577863,0.05413125480254511,264.95750576305414,0,235.88385042007576,2.0499999999998835,0,0.9170417427088347,false
"""standard""",1,0,3,574401,24,1,-479.5997572086278,false,0,false,-0.0013219468369234243,"""Flight left the recovery corridor""","{""level"":0.4,""mass"":0.9880963761575715,""thrust"":0.9758886126282802,""servo"":1.0354448425912663,""wind"":1.0759237686473,""deck"":1.0029663443630197,""noise"":0.004}",null,155.64999999999714,false,0,12036.75734421915,"[{""name"":""Launch"",""time"":1.800000000000001,""altitude"":4.19070933548139},{""name"":""Space"",""time"":108.14999999999715,""altitude"":804.80165305304}]",0.8104482697836413,1172.5379237403695,0.046589908456971744,255.9078901483661,0,238.22034909041122,1.3999999999999204,0,0.9173853454544723,false
"""standard""",1,0,4,584792,25,1,-480.9275728424748,false,0,false,-0.0664441172171605,"""Flight left the recovery corridor""","{""level"":0,""mass"":1,""thrust"":1,""servo"":1,""wind"":1,""deck"":1,""noise"":0}",null,153.8999999999972,false,0,12038.392134875676,"[{""name"":""Launch"",""time"":1.7500000000000009,""altitude"":4.174968038052775},{""name"":""Space"",""time"":106.1499999999972,""altitude"":802.1537914040715}]",0.797182590314116,1156.619108376939,0.046973469036135695,256.3681628433628,0,226.71947824060953,0.75,0,0.9156940409177367,false
"""standard""",1,0,5,595183,26,1,-487.5004728738158,false,0,false,0.0435454461957369,"""Flight left the recovery corridor""","{""level"":0.4,""mass"":0.9232269751103548,""thrust"":1.0010613402122572,""servo"":0.9288705509315058,""wind"":0.8966846210417573,""deck"":0.9705989637064307,""noise"":0.004}",null,157.249999999997,false,0,12034.030138922517,"[{""name"":""Launch"",""time"":1.5000000000000007,""altitude"":4.068541736435927},{""name"":""Space"",""time"":110.24999999999699,""altitude"":802.7373496941386}]",0.7962060612511067,1155.447273501328,0.043915786472485195,252.69894376698224,0,227.09068802717866,1.3999999999999204,0,0.9157486305922321,false
"""standard""",1,1,0,714133,24,1,-477.3314280771646,false,0,false,-0.44392798630547264,"""Flight left the recovery corridor""","{""level"":0,""mass"":1,""thrust"":1,""servo"":1,""wind"":1,""deck"":1,""noise"":0}",null,69.30000000000013,false,0,12111.812157101896,"[{""name"":""Launch"",""time"":1.5000000000000007,""altitude"":4.096897173649904},{""name"":""Space"",""time"":32.550000000000125,""altitude"":818.6227907866783}]",0.20346852903944257,444.1622348473311,1.783477085485695e-15,200.00000000000213,0,null,0,0,0,false
"""standard""",1,1,1,553619,25,1,-479.02529164645256,false,0,false,-0.3794607896754519,"""Flight left the recovery corridor""","{""level"":0.4,""mass"":1.083884693447206,""thrust"":1.016267903124684,""servo"":1.2656766754682975,""wind"":0.8935277738499552,""deck"":1.0097203840138167,""noise"":0.004}",null,73.70000000000016,false,0,12129.670320822994,"[{""name"":""Launch"",""time"":1.6000000000000008,""altitude"":4.010907947095127},{""name"":""Space"",""time"":35.45000000000016,""altitude"":813.4868801013614}]",0.19811662083662562,437.73994500395077,1.0344757203932832e-15,200.00000000000125,0,null,0,0,0,false
"""standard""",1,1,2,564010,26,1,-478.3542993557344,false,0,false,-0.4561838125006912,"""Flight left the recovery corridor""","{""level"":0,""mass"":1,""thrust"":1,""servo"":1,""wind"":1,""deck"":1,""noise"":0}",null,67.85000000000011,false,0,12044.357294549618,"[{""name"":""Launch"",""time"":1.5000000000000007,""altitude"":4.2418494751802704},{""name"":""Space"",""time"":30.850000000000115,""altitude"":806.6971097262308}]",0.2699772083907564,523.9726500689077,1.0891177141457493e-15,200.0000000000013,0,null,0,0,0,false
"""standard""",1,1,3,574401,24,1,-477.30057451389024,false,0,false,-0.352621448436294,"""Flight left the recovery corridor""","{""level"":0.4,""mass"":0.9880963761575715,""thrust"":0.9758886126282802,""servo"":1.0354448425912663,""wind"":1.0759237686473,""deck"":1.0029663443630197,""noise"":0.004}",null,70.60000000000014,false,0,12094.94918885721,"[{""name"":""Launch"",""time"":1.5500000000000007,""altitude"":4.254321422211921},{""name"":""Space"",""time"":32.850000000000136,""altitude"":810.9023974972782}]",0.19816011398113248,437.79213677735896,1.0364821443631613e-15,200.00000000000125,0,null,0,0,0,false
"""standard""",1,1,4,584792,25,1,-477.5563464927944,false,0,false,-0.368249651273327,"""Flight left the recovery corridor""","{""level"":0,""mass"":1,""thrust"":1,""servo"":1,""wind"":1,""deck"":1,""noise"":0}",null,70.15000000000013,false,0,12063.119037848865,"[{""name"":""Launch"",""time"":1.5000000000000007,""altitude"":4.193108829840302},{""name"":""Space"",""time"":32.150000000000134,""altitude"":811.108973344309}]",0.192459669301137,430.9516031613644,5.656120370155616e-16,200.00000000000068,0,null,0,0,0,false
"""standard""",1,1,5,595183,26,1,-476.8212379226804,false,0,false,-0.4231277139806507,"""Flight left the recovery corridor""","{""level"":0.4,""mass"":0.9232269751103548,""thrust"":1.0010613402122572,""servo"":0.9288705509315058,""wind"":0.8966846210417573,""deck"":0.9705989637064307,""noise"":0.004}",null,64.15000000000009,false,0,12093.808356806814,"[{""name"":""Launch"",""time"":1.3500000000000005,""altitude"":4.147424780488741},{""name"":""Space"",""time"":27.650000000000084,""altitude"":812.4170947906423}]",0.26281877442169826,515.3825293060379,4.779445401605013e-16,200.00000000000057,0,null,0,0,0,false
"""standard""",1,2,0,714133,24,1,-581.3085216129489,false,0,false,-22.909136388268028,"""Orbital mission timed out""","{""level"":0,""mass"":1,""thrust"":1,""servo"":1,""wind"":1,""deck"":1,""noise"":0}",null,650.0499999999565,false,0,0,[],0.1353822178307243,162.45866139686916,3.1507173313334005e-17,3.7808607976000803e-14,0,null,0,0,0,false
"""standard""",1,2,1,553619,25,1,-571.6249196732106,false,0,false,-23.207395524045328,"""Orbital mission timed out""","{""level"":0.4,""mass"":1.083884693447206,""thrust"":1.016267903124684,""servo"":1.2656766754682975,""wind"":0.8935277738499552,""deck"":1.0097203840138167,""noise"":0.004}",null,650.0499999999565,false,0,0,[],0.13539703189019847,162.47643826823816,3.1557558299477066e-17,3.786906995937248e-14,0,null,0,0,0,false
"""standard""",1,2,2,564010,26,1,-587.8152852257938,false,0,false,-23.26250921114359,"""Orbital mission timed out""","{""level"":0,""mass"":1,""thrust"":1,""servo"":1,""wind"":1,""deck"":1,""noise"":0}",null,650.0499999999565,false,0,0,[],0.20781103094390513,249.37323713268614,4.268262540855837e-18,5.121915049027004e-15,0,null,0,0,0,false
"""standard""",1,2,3,574401,24,1,-579.9676220221086,false,0,false,-22.88207426758664,"""Orbital mission timed out""","{""level"":0.4,""mass"":0.9880963761575715,""thrust"":0.9758886126282802,""servo"":1.0354448425912663,""wind"":1.0759237686473,""deck"":1.0029663443630197,""noise"":0.004}",null,650.0499999999565,false,0,0,[],0.13538331793937733,162.4599815272528,3.150815027115936e-17,3.7809780325391234e-14,0,null,0,0,0,false
"""standard""",1,2,4,584792,25,1,-576.6934399540204,false,0,false,-22.929440963566385,"""Orbital mission timed out""","{""level"":0,""mass"":1,""thrust"":1,""servo"":1,""wind"":1,""deck"":1,""noise"":0}",null,650.0499999999565,false,0,0,[],0.13540709604719708,162.4885152566365,3.158605006008282e-17,3.790326007209939e-14,0,null,0,0,0,false
"""standard""",1,2,5,595183,26,1,-577.05967238696,false,0,false,-23.35887975089476,"""Orbital mission timed out""","{""level"":0.4,""mass"":0.9232269751103548,""thrust"":1.0010613402122572,""servo"":0.9288705509315058,""wind"":0.8966846210417573,""deck"":0.9705989637064307,""noise"":0.004}",null,650.0499999999565,false,0,0,[],0.20781174809061026,249.3740977087323,4.267719345272556e-18,5.121263214327067e-15,0,null,0,0,0,false
"""standard""",1,3,0,714133,24,1,-483.31919686604016,false,0,false,-0.16210292006115587,"""Flight left the recovery corridor""","{""level"":0,""mass"":1,""thrust"":1,""servo"":1,""wind"":1,""deck"":1,""noise"":0}",null,120.65000000000009,false,0,12047.668988846563,"[{""name"":""Launch"",""time"":1.950000000000001,""altitude"":4.133500854104616},{""name"":""Space"",""time"":58.900000000000084,""altitude"":802.212597997223}]",0.3143280746349644,577.1936895619573,4.638587114401631e-11,200.00000005566304,0,null,0,0,0,false
"""standard""",1,3,1,553619,25,1,-484.86805447460523,false,0,false,-0.22474798673720983,"""Flight left the recovery corridor""","{""level"":0.4,""mass"":1.083884693447206,""thrust"":1.016267903124684,""servo"":1.2656766754682975,""wind"":0.8935277738499552,""deck"":1.0097203840138167,""noise"":0.004}",null,139.1999999999997,false,0,12055.089646513188,"[{""name"":""Launch"",""time"":2.2,""altitude"":4.126820050101834},{""name"":""Space"",""time"":68.9499999999997,""altitude"":808.9570263600297}]",0.3228697640956201,587.4437169147441,1.1295207478590105e-10,200.00000013554248,0,null,0,0,0,false
"""standard""",1,3,2,564010,26,1,-484.58745451078175,false,0,false,-0.1343392883936319,"""Flight left the recovery corridor""","{""level"":0,""mass"":1,""thrust"":1,""servo"":1,""wind"":1,""deck"":1,""noise"":0}",null,116.4500000000001,false,0,12011.631515273233,"[{""name"":""Launch"",""time"":1.900000000000001,""altitude"":4.083025094845743},{""name"":""Space"",""time"":57.950000000000095,""altitude"":809.9912507344011}]",0.40884375714739607,690.6125085768753,2.461612680428078e-10,200.00000029539353,0,null,0,0,0,false
"""standard""",1,3,3,574401,24,1,-480.67966228064,false,0,false,-0.1537825060990373,"""Flight left the recovery corridor""","{""level"":0.4,""mass"":0.9880963761575715,""thrust"":0.9758886126282802,""servo"":1.0354448425912663,""wind"":1.0759237686473,""deck"":1.0029663443630197,""noise"":0.004}",null,123.40000000000003,false,0,12015.927021338823,"[{""name"":""Launch"",""time"":2.000000000000001,""altitude"":4.091837369449609},{""name"":""Space"",""time"":60.65000000000003,""altitude"":805.7799627750638}]",0.3154716022608397,578.5659227130077,5.3992775714516356e-11,200.00000006479132,0,null,0,0,0,false
"""standard""",1,3,4,584792,25,1,-482.5659027922831,false,0,false,-0.2077236366583521,"""Flight left the recovery corridor""","{""level"":0,""mass"":1,""thrust"":1,""servo"":1,""wind"":1,""deck"":1,""noise"":0}",null,120.15000000000009,false,0,12056.32016550322,"[{""name"":""Launch"",""time"":1.900000000000001,""altitude"":4.0510587733691406},{""name"":""Space"",""time"":59.400000000000084,""altitude"":803.3797557535552}]",0.3386968283247858,606.4361939897431,2.358833373788832e-10,200.00000028306002,0,null,0,0,0,false
"""standard""",1,3,5,595183,26,1,-483.171298384447,false,0,false,-0.13667941751790155,"""Flight left the recovery corridor""","{""level"":0.4,""mass"":0.9232269751103548,""thrust"":1.0010613402122572,""servo"":0.9288705509315058,""wind"":0.8966846210417573,""deck"":0.9705989637064307,""noise"":0.004}",null,102.00000000000028,false,0,12011.654457614779,"[{""name"":""Launch"",""time"":1.6000000000000008,""altitude"":4.030289962053079},{""name"":""Space"",""time"":49.00000000000028,""altitude"":808.6351857325685}]",0.40250080248527037,683.0009629823244,1.1255915805847668e-10,200.000000135071,0,null,0,0,0,false
"""standard""",1,4,0,714133,24,1,-594.7068146165986,false,0,false,-0.4317396644261299,"""Returned before completing an orbit""","{""level"":0,""mass"":1,""thrust"":1,""servo"":1,""wind"":1,""deck"":1,""noise"":0}","{""error"":1439.5845400064911,""speed"":134.8154807310105,""lateral"":15.376028790504636,""tilt"":0.24286133166819793}",275.8500000000011,false,0,1627.5674448117013,"[{""name"":""Launch"",""time"":68.79999999999824,""altitude"":4.022466017586147},{""name"":""Space"",""time"":206.9500000000007,""altitude"":800.5327137177024}]",0.1569600734665224,388.3520881598269,4.0429568629139224e-16,200.00000000000048,0,null,0,0,0,false
"""standard""",1,4,1,553619,25,1,-614.7448663427867,false,0,false,-0.3745816915090377,"""Returned before completing an orbit""","{""level"":0.4,""mass"":1.083884693447206,""thrust"":1.016267903124684,""servo"":1.2656766754682975,""wind"":0.8935277738499552,""deck"":1.0097203840138167,""noise"":0.004}","{""error"":631.2919681032621,""speed"":93.92768963456456,""lateral"":8.652038252197558,""tilt"":0.3297155376243869}",241.20000000000815,false,0,662.8817698058227,"[{""name"":""Launch"",""time"":105.84999999999613,""altitude"":4.032797189162677}]",0.15927745398353219,323.70929874140313,6.571496648394794e-16,132.57635396116532,0,null,0,0,0,false
"""standard""",1,4,2,564010,26,1,-593.6647704919827,false,0,false,-0.33524644015901667,"""Returned before completing an orbit""","{""level"":0,""mass"":1,""thrust"":1,""servo"":1,""wind"":1,""deck"":1,""noise"":0}","{""error"":1431.3665379176514,""speed"":132.595491353438,""lateral"":16.10756225172337,""tilt"":0.2604665006054079}",274.9500000000016,false,0,1574.707880103115,"[{""name"":""Launch"",""time"":78.84999999999766,""altitude"":4.022847971902401},{""name"":""Space"",""time"":208.70000000000115,""altitude"":800.7915850178534}]",0.2575016307967447,509.00195695609364,1.616690741867994e-15,200.00000000000193,0,-5979.878553935515,1.75,0,0.002959036185953691,false
"""standard""",1,4,3,574401,24,1,-590.9760133605429,false,0,false,-0.4199833707858725,"""Returned before completing an orbit""","{""level"":0.4,""mass"":0.9880963761575715,""thrust"":0.9758886126282802,""servo"":1.0354448425912663,""wind"":1.0759237686473,""deck"":1.0029663443630197,""noise"":0.004}","{""error"":1070.4978055203103,""speed"":120.48513343940996,""lateral"":7.927604884803126,""tilt"":0.2757503527286268}",263.2000000000033,false,0,1216.9460276203442,"[{""name"":""Launch"",""time"":82.09999999999748,""altitude"":4.009031859295492},{""name"":""Space"",""time"":218.3500000000029,""altitude"":801.8963345571469}]",0.16381453137577703,396.57743765093244,1.3010363977667419e-15,200.00000000000156,0,null,0,0,0,false
"""standard""",1,4,4,584792,25,1,-592.4449688060166,false,0,false,-0.382947891114726,"""Returned before completing an orbit""","{""level"":0,""mass"":1,""thrust"":1,""servo"":1,""wind"":1,""deck"":1,""noise"":0}","{""error"":1474.7502402316393,""speed"":129.36779825699426,""lateral"":17.82632775815538,""tilt"":0.2604595744327038}",272.4500000000017,false,0,1480.3418317233559,"[{""name"":""Launch"",""time"":76.99999999999777,""altitude"":4.026130054137466},{""name"":""Space"",""time"":211.10000000000124,""altitude"":802.2988053487244}]",0.15813923736354796,389.76708483625754,3.934291841624534e-16,200.00000000000048,0,null,0,0,0,false
"""standard""",1,4,5,595183,26,1,-506.87656235701746,false,0,false,-0.2328504693448823,"""Flight left the recovery corridor""","{""level"":0.4,""mass"":0.9232269751103548,""thrust"":1.0010613402122572,""servo"":0.9288705509315058,""wind"":0.8966846210417573,""deck"":0.9705989637064307,""noise"":0.004}",null,321.04999999999546,false,0,12006.410922417115,"[{""name"":""Launch"",""time"":37.000000000000036,""altitude"":4.002784643160421},{""name"":""Space"",""time"":168.79999999999546,""altitude"":801.7900539886957}]",0.23607746134442192,483.2929536133063,1.61939392115887e-16,200.0000000000002,0,null,0,0,0,false
"""standard""",1,5,0,714133,24,1,-600.4353612755979,false,0,false,-0.01857141530908231,"""Returned before completing an orbit""","{""level"":0,""mass"":1,""thrust"":1,""servo"":1,""wind"":1,""deck"":1,""noise"":0}","{""error"":678.3938328273935,""speed"":20.69107698784874,""lateral"":122.8101938260077,""tilt"":1.0513934050092408}",14.300000000000068,false,0,68.40491567381355,"[{""name"":""Launch"",""time"":1.3500000000000005,""altitude"":4.100733020527086}]",0.14927910513649278,192.81590929855403,1.462947655258234e-16,13.680983134762885,0,null,0,0,0,false
"""standard""",1,5,1,553619,25,1,-470.2021653015059,false,0,false,-0.028725941683577984,"""Returned before completing an orbit""","{""level"":0.4,""mass"":1.083884693447206,""thrust"":1.016267903124684,""servo"":1.2656766754682975,""wind"":0.8935277738499552,""deck"":1.0097203840138167,""noise"":0.004}","{""error"":724.8939015277756,""speed"":14.374166552810241,""lateral"":118.51615695485326,""tilt"":0.9064368111134296}",15.300000000000082,false,0,62.168852842614484,"[{""name"":""Launch"",""time"":1.4500000000000006,""altitude"":4.122191089958381}]",0.15260691243919022,195.56206549555117,1.5655110524972008e-16,12.433770568523085,0,null,0,0,0,false
"""standard""",1,5,2,564010,26,1,-600.4749803675904,false,0,false,-0.007076890811326554,"""Returned before completing an orbit""","{""level"":0,""mass"":1,""thrust"":1,""servo"":1,""wind"":1,""deck"":1,""noise"":0}","{""error"":633.103328692448,""speed"":24.116193823883314,""lateral"":121.40077287876123,""tilt"":1.1542793612944238}",13.450000000000056,false,0,66.93738584757122,"[{""name"":""Launch"",""time"":1.3500000000000005,""altitude"":4.2650062665561155}]",0.21841510218186788,271.66060631075163,1.8248725203796307e-17,9.562483692510197,0,null,0,0,0,false
"""standard""",1,5,3,574401,24,1,-600.4398660542221,false,0,false,-0.018437341659055625,"""Returned before completing an orbit""","{""level"":0.4,""mass"":0.9880963761575715,""thrust"":0.9758886126282802,""servo"":1.0354448425912663,""wind"":1.0759237686473,""deck"":1.0029663443630197,""noise"":0.004}","{""error"":677.0933590453516,""speed"":20.06964978289497,""lateral"":121.85008712274438,""tilt"":1.0415691339065416}",14.40000000000007,false,0,67.72226057666607,"[{""name"":""Launch"",""time"":1.3500000000000005,""altitude"":4.01376465345192}]",0.1492380181088172,192.63007384591384,1.4332489360765085e-16,13.544452115333385,0,null,0,0,0,false
"""standard""",1,5,4,584792,25,1,-600.4843896304882,false,0,false,-0.02592303238595167,"""Returned before completing an orbit""","{""level"":0,""mass"":1,""thrust"":1,""servo"":1,""wind"":1,""deck"":1,""noise"":0}","{""error"":677.135635439199,""speed"":20.767599684286676,""lateral"":122.5234386600412,""tilt"":1.0568481245741974}",14.300000000000068,false,0,67.8368634023302,"[{""name"":""Launch"",""time"":1.3500000000000005,""altitude"":4.122719256156781}]",0.14956760836460528,193.04850271799236,1.4875941133699993e-16,13.567372680466217,0,null,0,0,0,false
"""standard""",1,5,5,595183,26,1,-600.4596040183943,false,0,false,-0.009808527074414378,"""Returned before completing an orbit""","{""level"":0.4,""mass"":0.9232269751103548,""thrust"":1.0010613402122572,""servo"":0.9288705509315058,""wind"":0.8966846210417573,""deck"":0.9705989637064307,""noise"":0.004}","{""error"":614.5260648865212,""speed"":29.5047019014468,""lateral"":126.35902779355312,""tilt"":1.2688257121369573}",12.750000000000046,false,0,73.99020939019877,"[{""name"":""Launch"",""time"":1.2500000000000004,""altitude"":4.321274804115909}]",0.21930458641740871,273.735533613776,1.859950435391023e-17,10.57002991288556,0,null,0,0,0,false
"""standard""",1,6,0,714133,24,1,-207.82948225672763,false,0,false,-0.030920721765313276,"""Returned before completing an orbit""","{""level"":0,""mass"":1,""thrust"":1,""servo"":1,""wind"":1,""deck"":1,""noise"":0}","{""error"":58.54265054215022,""speed"":8.292621462857841,""lateral"":45.80839035303385,""tilt"":1.3632827942611019}",3.2999999999999963,false,0,5.038953225288674,"[{""name"":""Launch"",""time"":1.5000000000000007,""altitude"":4.129653887488535}]",0.136269378080536,164.53104434170092,3.5315242936482175e-17,1.0077906450577774,0,null,0,0,0,false
"""standard""",1,6,1,553619,25,1,-611.3079628292546,false,0,false,-5.485375769816667,"""Orbital mission timed out""","{""level"":0.4,""mass"":1.083884693447206,""thrust"":1.016267903124684,""servo"":1.2656766754682975,""wind"":0.8935277738499552,""deck"":1.0097203840138167,""noise"":0.004}",null,650.0499999999565,false,0,3.9484881480548655,[],0.17150208339747086,206.592197706576,3.558473675317942e-15,0.7896976296152431,0,null,0,0,0,false
"""standard""",1,6,2,564010,26,1,-219.49343099629678,false,0,false,-0.029983391127560717,"""Returned before completing an orbit""","{""level"":0,""mass"":1,""thrust"":1,""servo"":1,""wind"":1,""deck"":1,""noise"":0}","{""error"":47.75031911493031,""speed"":9.01724349825139,""lateral"":41.899290170461306,""tilt"":1.4273233266547865}",2.9999999999999973,false,0,4.641317035763722,"[{""name"":""Launch"",""time"":1.5000000000000007,""altitude"":4.03052951169985}]",0.20861568671121045,251.00186934427592,4.5220899482143025e-18,0.6630452908233943,0,null,0,0,0,false
"""standard""",1,6,3,574401,24,1,-201.82783807917554,false,0,false,-0.032139139542785765,"""Returned before completing an orbit""","{""level"":0.4,""mass"":0.9880963761575715,""thrust"":0.9758886126282802,""servo"":1.0354448425912663,""wind"":1.0759237686473,""deck"":1.0029663443630197,""noise"":0.004}","{""error"":53.820927896253224,""speed"":7.974737871839585,""lateral"":43.77783572588225,""tilt"":1.369138432907972}",3.1999999999999966,false,0,4.761994784947779,"[{""name"":""Launch"",""time"":1.5500000000000007,""altitude"":4.132148602537198}]",0.13598730754580818,164.13716801195937,3.493533824411434e-17,0.9523989569895978,0,null,0,0,0,false
"""standard""",1,6,4,584792,25,1,-208.57550421297074,false,0,false,-0.028965276307375967,"""Returned before completing an orbit""","{""level"":0,""mass"":1,""thrust"":1,""servo"":1,""wind"":1,""deck"":1,""noise"":0}","{""error"":54.84010199771569,""speed"":8.408755870973437,""lateral"":44.39282484852842,""tilt"":1.3403054494024438}",3.2499999999999964,false,0,4.899281459957701,"[{""name"":""Launch"",""time"":1.5000000000000007,""altitude"":4.06809415221619}]",0.1360364959738467,164.22365146060758,3.478906228536633e-17,0.9798562919915819,0,null,0,0,0,false
"""standard""",1,6,5,595183,26,1,-236.61567758871325,false,0,false,-0.0330190165848163,"""Returned before completing an orbit""","{""level"":0.4,""mass"":0.9232269751103548,""thrust"":1.0010613402122572,""servo"":0.9288705509315058,""wind"":0.8966846210417573,""deck"":0.9705989637064307,""noise"":0.004}","{""error"":68.44789950004677,""speed"":9.733009748803456,""lateral"":52.24827901461806,""tilt"":1.4047204548983427}",3.399999999999996,false,0,6.153818948667912,"[{""name"":""Launch"",""time"":1.3000000000000005,""altitude"":4.0125737805096815}]",0.20897821919392573,251.6529800253777,4.845281794943702e-18,0.8791169926668503,0,null,0,0,0,false
"""standard""",1,7,0,714133,24,1,-600.9197879837844,false,0,false,-0.032917934689967746,"""Returned before completing an orbit""","{""level"":0,""mass"":1,""thrust"":1,""servo"":1,""wind"":1,""deck"":1,""noise"":0}","{""error"":2099.818976005733,""speed"":43.59058881588322,""lateral"":184.30154689043925,""tilt"":1.3257484551735563}",22.80000000000019,false,0,239.89241307445832,"[{""name"":""Launch"",""time"":1.3500000000000005,""altitude"":4.2053422324644085}]",0.26575685175124425,366.88670471638477,1.997560015518536e-12,47.97848261728874,0,null,0,0,0,false
"""standard""",1,7,1,553619,25,1,-601.0111128010266,false,0,false,-0.030800424088810792,"""Returned before completing an orbit""","{""level"":0.4,""mass"":1.083884693447206,""thrust"":1.016267903124684,""servo"":1.2656766754682975,""wind"":0.8935277738499552,""deck"":1.0097203840138167,""noise"":0.004}","{""error"":2023.29056480332,""speed"":35.02014609807155,""lateral"":173.55519442453487,""tilt"":1.2027861373254984}",23.4500000000002,false,0,216.00203118162779,"[{""name"":""Launch"",""time"":1.4000000000000006,""altitude"":4.0532659234803905}]",0.22857708454175388,317.4929076864302,1.7732560999105306e-13,43.20040623653835,0,null,0,0,0,false
"""standard""",1,7,2,564010,26,1,-601.007885518495,false,0,false,-0.021623551281629277,"""Returned before completing an orbit""","{""level"":0,""mass"":1,""thrust"":1,""servo"":1,""wind"":1,""deck"":1,""noise"":0}","{""error"":2000.0473072525572,""speed"":45.22368631236668,""lateral"":183.38164032836127,""tilt"":1.366008433972371}",21.750000000000174,false,0,236.27987319580797,"[{""name"":""Launch"",""time"":1.3500000000000005,""altitude"":4.317384054930741}]",0.2993256245212249,392.94501702487105,8.810476959695556e-14,33.75426759950687,0,null,0,0,0,false
"""standard""",1,7,3,574401,24,1,-600.8719604608693,false,0,false,-0.0315756863939061,"""Returned before completing an orbit""","{""level"":0.4,""mass"":0.9880963761575715,""thrust"":0.9758886126282802,""servo"":1.0354448425912663,""wind"":1.0759237686473,""deck"":1.0029663443630197,""noise"":0.004}","{""error"":2065.1096540046274,""speed"":40.50690682839562,""lateral"":181.91238315703418,""tilt"":1.2990244337961172}",22.80000000000019,false,0,233.78803189632637,"[{""name"":""Launch"",""time"":1.3500000000000005,""altitude"":4.11120234846107}]",0.253404489654162,350.8429939642597,8.825603125923505e-13,46.75760638032435,0,null,0,0,0,false
"""standard""",1,7,4,584792,25,1,-600.9736788101629,false,0,false,-0.03278388034610114,"""Returned before completing an orbit""","{""level"":0,""mass"":1,""thrust"":1,""servo"":1,""wind"":1,""deck"":1,""noise"":0}","{""error"":2080.1188411296403,""speed"":42.896243416892524,""lateral"":183.574245123768,""tilt"":1.31796697567818}",22.700000000000188,false,0,238.66926400835357,"[{""name"":""Launch"",""time"":1.3500000000000005,""altitude"":4.215843805987255}]",0.26292640072805545,363.24553367533724,1.6746301101772245e-12,47.73385280368027,0,null,0,0,0,false
"""standard""",1,7,5,595183,26,1,-601.2912951964489,false,0,false,-0.04172889454228185,"""Returned before completing an orbit""","{""level"":0.4,""mass"":0.9232269751103548,""thrust"":1.0010613402122572,""servo"":0.9288705509315058,""wind"":0.8966846210417573,""deck"":0.9705989637064307,""noise"":0.004}","{""error"":2487.760551102592,""speed"":50.68283843758638,""lateral"":199.46147059938394,""tilt"":1.5044156977412253}",22.65000000000013,false,0,267.1043485699766,"[{""name"":""Launch"",""time"":1.2000000000000004,""altitude"":4.0047371803741}]",0.44200179999916345,568.5599240804213,3.6719771158802654e-09,38.15776848779777,0,null,0,0,0,false
"""standard""",1,8,0,714133,24,1,-598.3230339715947,false,0,false,-3.8799303185929253,"""Flight left the recovery corridor""","{""level"":0,""mass"":1,""thrust"":1,""servo"":1,""wind"":1,""deck"":1,""noise"":0}",null,630.1499999999746,false,0,0,[],0.13682060529366288,164.18472635239547,3.898072151856263e-17,4.6776865822275154e-14,0,null,0,0,0,false
"""standard""",1,8,1,553619,25,1,-599.1053612799099,false,0,false,-3.9422204551192523,"""Flight left the recovery corridor""","{""level"":0.4,""mass"":1.083884693447206,""thrust"":1.016267903124684,""servo"":1.2656766754682975,""wind"":0.8935277738499552,""deck"":1.0097203840138167,""noise"":0.004}",null,631.6499999999733,false,0,0,[],0.13675372893772764,164.10447472527318,3.857424178663237e-17,4.6289090143958845e-14,0,null,0,0,0,false
"""standard""",1,8,2,564010,26,1,-598.5211504194577,false,0,false,-3.8683881169242467,"""Flight left the recovery corridor""","{""level"":0,""mass"":1,""thrust"":1,""servo"":1,""wind"":1,""deck"":1,""noise"":0}",null,635.9999999999693,false,0,0,[],0.20938229169378997,251.25875003254797,5.280590881667323e-18,6.336709058000787e-15,0,null,0,0,0,false
"""standard""",1,8,3,574401,24,1,-598.5099236944434,false,0,false,-3.8928234968407933,"""Flight left the recovery corridor""","{""level"":0.4,""mass"":0.9880963761575715,""thrust"":0.9758886126282802,""servo"":1.0354448425912663,""wind"":1.0759237686473,""deck"":1.0029663443630197,""noise"":0.004}",null,631.2999999999736,false,0,0,[],0.13681576568241374,164.17891881889648,3.89550873445301e-17,4.674610481343612e-14,0,null,0,0,0,false
"""standard""",1,8,4,584792,25,1,-598.3369166364225,false,0,false,-3.898389894529257,"""Flight left the recovery corridor""","{""level"":0,""mass"":1,""thrust"":1,""servo"":1,""wind"":1,""deck"":1,""noise"":0}",null,626.9999999999775,false,0,0,[],0.136897350161314,164.27682019357678,3.9372507158572974e-17,4.7247008590287566e-14,0,null,0,0,0,false
"""standard""",1,8,5,595183,26,1,-597.4302662066833,false,0,false,-3.8179564511267414,"""Flight left the recovery corridor""","{""level"":0.4,""mass"":0.9232269751103548,""thrust"":1.0010613402122572,""servo"":0.9288705509315058,""wind"":0.8966846210417573,""deck"":0.9705989637064307,""noise"":0.004}",null,628.7499999999759,false,0,0,[],0.2095238728054964,251.42864736659567,5.376711858998457e-18,6.452054230798148e-15,0,null,0,0,0,false
"""standard""",1,9,0,714133,24,1,-602.3812264881885,false,0,false,-0.12043274560600864,"""Returned before completing an orbit""","{""level"":0,""mass"":1,""thrust"":1,""servo"":1,""wind"":1,""deck"":1,""noise"":0}","{""error"":4139.96986617633,""speed"":19.54737729473873,""lateral"":161.72559576116439,""tilt"":0.8252418036555688}",53.199999999999115,false,0,134.90241819757802,"[{""name"":""Launch"",""time"":2.549999999999999,""altitude"":4.079864990659802}]",0.19754907576930442,264.0393745626809,3.7426246680722374e-14,26.98048363956051,0,null,0,0,0,false
"""standard""",1,9,1,553619,25,1,-618.370858038763,false,0,false,-0.5297778593615309,"""Returned before completing an orbit""","{""level"":0.4,""mass"":1.083884693447206,""thrust"":1.016267903124684,""servo"":1.2656766754682975,""wind"":0.8935277738499552,""deck"":1.0097203840138167,""noise"":0.004}","{""error"":14483.38234369564,""speed"":42.862315045557075,""lateral"":75.38156731794415,""tilt"":0.3278596979823819}",142.94999999999825,false,0,153.76316233290427,"[{""name"":""Launch"",""time"":2.9999999999999973,""altitude"":4.060193690734183}]",0.2143499062211462,287.9725199319563,1.2448527402035906e-13,30.752632466730233,0,null,0,0,0,false
"""standard""",1,9,2,564010,26,1,-602.2854043913704,false,0,false,-0.0997876422002276,"""Returned before completing an orbit""","{""level"":0,""mass"":1,""thrust"":1,""servo"":1,""wind"":1,""deck"":1,""noise"":0}","{""error"":3986.761313332288,""speed"":23.756074631813192,""lateral"":161.45934243456156,""tilt"":0.9138885948131786}",50.14999999999929,false,0,131.67731581624935,"[{""name"":""Launch"",""time"":2.499999999999999,""altitude"":4.113944328353538}]",0.2645163064304153,336.2306128331054,4.151795333325004e-15,18.811045116612032,0,null,0,0,0,false
"""standard""",1,9,3,574401,24,1,-602.6345302470656,false,0,false,-0.14171028701804125,"""Returned before completing an orbit""","{""level"":0.4,""mass"":0.9880963761575715,""thrust"":0.9758886126282802,""servo"":1.0354448425912663,""wind"":1.0759237686473,""deck"":1.0029663443630197,""noise"":0.004}","{""error"":4280.305766594598,""speed"":13.89748104204147,""lateral"":158.22787769500002,""tilt"":0.706521279323674}",54.49999999999904,false,0,128.30571621571187,"[{""name"":""Launch"",""time"":2.6499999999999986,""altitude"":4.071972929343481}]",0.19864361925066046,264.03348634393495,4.7263093653563476e-14,25.661143243199092,0,null,0,0,0,false
"""standard""",1,9,4,584792,25,1,-602.7880308629893,false,0,false,-0.14135612446721857,"""Returned before completing an orbit""","{""level"":0,""mass"":1,""thrust"":1,""servo"":1,""wind"":1,""deck"":1,""noise"":0}","{""error"":4169.983955288022,""speed"":19.626046640239604,""lateral"":162.08405218198538,""tilt"":0.8365658905135971}",52.94999999999913,false,0,134.54130558193566,"[{""name"":""Launch"",""time"":2.3999999999999995,""altitude"":4.0542972977722105}]",0.1973840352569989,263.76910342478584,3.4915394673835096e-14,26.90826111642903,0,null,0,0,0,false
"""standard""",1,9,5,595183,26,1,-602.4208775770367,false,0,false,-0.1148031288850011,"""Returned before completing an orbit""","{""level"":0.4,""mass"":0.9232269751103548,""thrust"":1.0010613402122572,""servo"":0.9288705509315058,""wind"":0.8966846210417573,""deck"":0.9705989637064307,""noise"":0.004}","{""error"":3861.280661363656,""speed"":41.91211850283874,""lateral"":171.04835600807462,""tilt"":1.2546922035941759}",46.04999999999952,false,0,155.8590713451104,"[{""name"":""Launch"",""time"":2.000000000000001,""altitude"":4.048773014185862}]",0.2675739917604902,343.3543717333183,4.373166142721717e-15,22.265581620735304,0,null,0,0,0,false
"""standard""",1,10,0,714133,24,1,-567.3170056758627,false,0,false,-3.433344887930518,"""Flight left the recovery corridor""","{""level"":0,""mass"":1,""thrust"":1,""servo"":1,""wind"":1,""deck"":1,""noise"":0}",null,417.45000000006064,false,0,0.013684398264954822,[],0.146231088874146,175.48004352862816,1.466990314402187e-16,0.0027368796531670033,0,null,0,0,0,false
"""standard""",1,10,1,553619,25,1,-566.7832587539685,false,0,false,-3.5177067589377735,"""Flight left the recovery corridor""","{""level"":0.4,""mass"":1.083884693447206,""thrust"":1.016267903124684,""servo"":1.2656766754682975,""wind"":0.8935277738499552,""deck"":1.0097203840138167,""noise"":0.004}",null,415.80000000006027,false,0,0.0029574719884646328,[],0.1457798532549687,174.93641540036015,1.3779682734151685e-16,0.0005914943978582828,0,null,0,0,0,false
"""standard""",1,10,2,564010,26,1,-561.5895519084896,false,0,false,-3.5697718308100526,"""Flight left the recovery corridor""","{""level"":0,""mass"":1,""thrust"":1,""servo"":1,""wind"":1,""deck"":1,""noise"":0}",null,386.0500000000535,false,0,0.016832546347563593,[],0.21869695866866812,262.43875505188,1.7762142676309433e-17,0.002404649478244685,0,null,0,0,0,false
"""standard""",1,10,3,574401,24,1,-567.3888084639214,false,0,false,-3.4459092222020438,"""Flight left the recovery corridor""","{""level"":0.4,""mass"":0.9880963761575715,""thrust"":0.9758886126282802,""servo"":1.0354448425912663,""wind"":1.0759237686473,""deck"":1.0029663443630197,""noise"":0.004}",null,416.9000000000605,false,0,0.01036494767160967,[],0.14598772854120146,175.1873472389761,1.418733042308962e-16,0.0020729895344921818,0,null,0,0,0,false
"""standard""",1,10,4,584792,25,1,-566.4678062430633,false,0,false,-3.478021256121191,"""Flight left the recovery corridor""","{""level"":0,""mass"":1,""thrust"":1,""servo"":1,""wind"":1,""deck"":1,""noise"":0}",null,412.8500000000596,false,0,0.01721848064005016,[],0.14608249087412442,175.3024327450773,1.436298978053306e-16,0.003443696128182388,0,null,0,0,0,false
"""standard""",1,10,5,595183,26,1,-560.8047367096477,false,0,false,-3.520206359308798,"""Flight left the recovery corridor""","{""level"":0.4,""mass"":0.9232269751103548,""thrust"":1.0010613402122572,""servo"":0.9288705509315058,""wind"":0.8966846210417573,""deck"":0.9705989637064307,""noise"":0.004}",null,379.8000000000521,false,0,0.10491117991720422,[],0.2189539112963058,262.7596808669837,1.8394022763415695e-17,0.014987311416765533,0,null,0,0,0,false
"""standard""",1,11,0,714133,24,1,-630.0594599386068,false,0,false,-1.1431961417327996,"""Returned before completing an orbit""","{""level"":0,""mass"":1,""thrust"":1,""servo"":1,""wind"":1,""deck"":1,""noise"":0}","{""error"":13898.273178998666,""speed"":13.37422114055332,""lateral"":63.5366822817936,""tilt"":0.4786874702937533}",214.0000000000144,false,0,11.497498738425527,"[{""name"":""Launch"",""time"":142.94999999999825,""altitude"":4.00593441022046}]",0.14566374382961467,177.0959923432227,1.3738794752314528e-16,2.29949974768527,0,null,0,0,0,false
"""standard""",1,11,1,553619,25,1,-629.2472586683166,false,0,false,-1.1768379723350886,"""Returned before completing an orbit""","{""level"":0.4,""mass"":1.083884693447206,""thrust"":1.016267903124684,""servo"":1.2656766754682975,""wind"":0.8935277738499552,""deck"":1.0097203840138167,""noise"":0.004}","{""error"":12801.860810347092,""speed"":9.415190874141528,""lateral"":60.8815634541033,""tilt"":0.43084073572423387}",209.70000000001343,false,0,5.580324193546501,"[{""name"":""Launch"",""time"":167.3000000000038,""altitude"":4.009643347599372}]",0.14363935869444508,173.4832952720434,1.0293995128615182e-16,1.1160648387094236,0,null,0,0,0,false
"""standard""",1,11,2,564010,26,1,-630.2202271015731,false,0,false,-1.1103269661251198,"""Returned before completing an orbit""","{""level"":0,""mass"":1,""thrust"":1,""servo"":1,""wind"":1,""deck"":1,""noise"":0}","{""error"":14237.800180015129,""speed"":12.43312289454029,""lateral"":62.57343975850726,""tilt"":0.48463626181157354}",213.20000000001423,false,0,9.317541271895465,"[{""name"":""Launch"",""time"":167.95000000000394,""altitude"":4.008241347522453}]",0.2184493586337079,263.47030768500593,1.7253086208765004e-17,1.3310773245565157,0,null,0,0,0,false
"""standard""",1,11,3,574401,24,1,-629.6505361862717,false,0,false,-1.1703642560282823,"""Returned before completing an orbit""","{""level"":0.4,""mass"":0.9880963761575715,""thrust"":0.9758886126282802,""servo"":1.0354448425912663,""wind"":1.0759237686473,""deck"":1.0029663443630197,""noise"":0.004}","{""error"":13647.128155083821,""speed"":12.025243926615563,""lateral"":61.48786255498198,""tilt"":0.44290878042374404}",213.15000000001422,false,0,8.575858787336802,"[{""name"":""Launch"",""time"":156.15000000000126,""altitude"":4.002838388201949}]",0.14445231090538008,175.05794484392348,1.157316802945893e-16,1.7151717574674992,0,null,0,0,0,false
"""standard""",1,11,4,584792,25,1,-630.1436971822934,false,0,false,-1.1336906105969626,"""Returned before completing an orbit""","{""level"":0,""mass"":1,""thrust"":1,""servo"":1,""wind"":1,""deck"":1,""noise"":0}","{""error"":13906.663053052314,""speed"":11.885797011188531,""lateral"":63.91451211456612,""tilt"":0.4648705367001867}",214.4000000000145,false,0,9.539590655364393,"[{""name"":""Launch"",""time"":125.99999999999498,""altitude"":4.0003203963908}]",0.14512322559491672,176.05578884497294,1.2639248621093298e-16,1.90791813107303,0,null,0,0,0,false
"""standard""",1,11,5,595183,26,1,-632.070941916586,false,0,false,-1.0647548735846317,"""Returned before completing an orbit""","{""level"":0.4,""mass"":0.9232269751103548,""thrust"":1.0010613402122572,""servo"":0.9288705509315058,""wind"":0.8966846210417573,""deck"":0.9705989637064307,""noise"":0.004}","{""error"":15808.475543478002,""speed"":13.906323369264426,""lateral"":66.0958816175937,""tilt"":0.5083104624982521}",219.6500000000157,false,0,11.485489664287446,"[{""name"":""Launch"",""time"":110.04999999999589,""altitude"":4.003461232594518}]",0.22036211343769063,266.0753203629841,2.2063197818564536e-17,1.6407842377553759,0,null,0,0,0,false
"""quarter""",1,0,0,714133,24,1,-483.70353666020577,false,0,false,-0.04113986199197789,"""Flight left the recovery corridor""","{""level"":0,""mass"":1,""thrust"":1,""servo"":1,""wind"":1,""deck"":1,""noise"":0}",null,154.14999999999714,false,0,12008.601614937394,"[{""name"":""Launch"",""time"":1.7500000000000009,""altitude"":4.16126340092886},{""name"":""Space"",""time"":106.64999999999714,""altitude"":816.3334401808662}]",0.8138930675728293,1176.6716810873952,0.05182883947068014,262.1946073648162,0,227.0936899802382,1.899999999999892,0,0.9157490720559174,false
"""quarter""",1,0,1,553619,25,1,-484.1077956287261,false,0,false,-0.06333359644570644,"""Flight left the recovery corridor""","{""level"":0.4,""mass"":1.083884693447206,""thrust"":1.016267903124684,""servo"":1.2656766754682975,""wind"":0.8935277738499552,""deck"":1.0097203840138167,""noise"":0.004}",null,167.04999999999654,false,0,12070.75487988779,"[{""name"":""Launch"",""time"":1.950000000000001,""altitude"":4.181085905816465},{""name"":""Space"",""time"":119.29999999999656,""altitude"":816.4227098106346}]",0.7911404498030159,1149.368539763619,0.04009544904400348,248.11453885280417,0,null,0,0,0,false
"""quarter""",1,0,2,564010,26,1,-488.2668979968462,false,0,false,0.06405102908096022,"""Flight left the recovery corridor""","{""level"":0,""mass"":1,""thrust"":1,""servo"":1,""wind"":1,""deck"":1,""noise"":0}",null,167.5499999999965,false,0,12029.483302200044,"[{""name"":""Launch"",""time"":1.7000000000000008,""altitude"":4.099285333482667},{""name"":""Space"",""time"":119.7999999999965,""altitude"":806.1792474700214}]",0.7877951646482192,1145.354197577863,0.05413125480254511,264.95750576305414,0,235.88385042007576,2.0499999999998835,0,0.9170417427088347,false
"""quarter""",1,0,3,574401,24,1,-479.5997572086278,false,0,false,-0.0013219468369234243,"""Flight left the recovery corridor""","{""level"":0.4,""mass"":0.9880963761575715,""thrust"":0.9758886126282802,""servo"":1.0354448425912663,""wind"":1.0759237686473,""deck"":1.0029663443630197,""noise"":0.004}",null,155.64999999999714,false,0,12036.75734421915,"[{""name"":""Launch"",""time"":1.800000000000001,""altitude"":4.19070933548139},{""name"":""Space"",""time"":108.14999999999715,""altitude"":804.80165305304}]",0.8104482697836413,1172.5379237403695,0.046589908456971744,255.9078901483661,0,238.22034909041122,1.3999999999999204,0,0.9173853454544723,false
"""quarter""",1,0,4,584792,25,1,-480.9275728424748,false,0,false,-0.0664441172171605,"""Flight left the recovery corridor""","{""level"":0,""mass"":1,""thrust"":1,""servo"":1,""wind"":1,""deck"":1,""noise"":0}",null,153.8999999999972,false,0,12038.392134875676,"[{""name"":""Launch"",""time"":1.7500000000000009,""altitude"":4.174968038052775},{""name"":""Space"",""time"":106.1499999999972,""altitude"":802.1537914040715}]",0.797182590314116,1156.619108376939,0.046973469036135695,256.3681628433628,0,226.71947824060953,0.75,0,0.9156940409177367,false
"""quarter""",1,0,5,595183,26,1,-487.5004728738158,false,0,false,0.0435454461957369,"""Flight left the recovery corridor""","{""level"":0.4,""mass"":0.9232269751103548,""thrust"":1.0010613402122572,""servo"":0.9288705509315058,""wind"":0.8966846210417573,""deck"":0.9705989637064307,""noise"":0.004}",null,157.249999999997,false,0,12034.030138922517,"[{""name"":""Launch"",""time"":1.5000000000000007,""altitude"":4.068541736435927},{""name"":""Space"",""time"":110.24999999999699,""altitude"":802.7373496941386}]",0.7962060612511067,1155.447273501328,0.043915786472485195,252.69894376698224,0,227.09068802717866,1.3999999999999204,0,0.9157486305922321,false
"""quarter""",1,1,0,714133,24,1,-478.0397221143087,false,0,false,-0.18734687887345303,"""Flight left the recovery corridor""","{""level"":0,""mass"":1,""thrust"":1,""servo"":1,""wind"":1,""deck"":1,""noise"":0}",null,98.74999999999963,false,0,11995.835786894422,"[{""name"":""Launch"",""time"":1.6500000000000008,""altitude"":4.018958383136514},{""name"":""Space"",""time"":59.99999999999964,""altitude"":802.4774227114696}]",0.7998092118342861,1159.7710542011432,0.03159125162679855,237.90950195215825,0,228.03335540951957,0.8999999999999488,0,0.9158872581484587,false
"""quarter""",1,1,1,553619,25,1,-480.07001564114717,false,0,false,-0.11138002034157671,"""Flight left the recovery corridor""","{""level"":0.4,""mass"":1.083884693447206,""thrust"":1.016267903124684,""servo"":1.2656766754682975,""wind"":0.8935277738499552,""deck"":1.0097203840138167,""noise"":0.004}",null,107.89999999999924,false,0,12074.325666030774,"[{""name"":""Launch"",""time"":1.800000000000001,""altitude"":4.111104114618284},{""name"":""Space"",""time"":68.39999999999924,""altitude"":813.1372930769842}]",0.7842586349030767,1141.110361883692,0.029936107491489183,235.92332898978702,0,null,0,0,0,false
"""quarter""",1,1,2,564010,26,1,-480.0602196099962,false,0,false,-0.09548705274413687,"""Flight left the recovery corridor""","{""level"":0,""mass"":1,""thrust"":1,""servo"":1,""wind"":1,""deck"":1,""noise"":0}",null,105.24999999999932,false,0,12033.439526567661,"[{""name"":""Launch"",""time"":1.6500000000000008,""altitude"":4.231573925267783},{""name"":""Space"",""time"":66.49999999999932,""altitude"":812.1582530122411}]",0.7850546175234928,1142.0655410281915,0.04109757587252385,249.3170910470286,0,216.69775829282298,0.9999999999999432,0,0.914220258572474,false
"""quarter""",1,1,3,574401,24,1,-478.72748369012015,false,0,false,-0.1889266418709865,"""Flight left the recovery corridor""","{""level"":0.4,""mass"":0.9880963761575715,""thrust"":0.9758886126282802,""servo"":1.0354448425912663,""wind"":1.0759237686473,""deck"":1.0029663443630197,""noise"":0.004}",null,101.14999999999955,false,0,12089.857650576856,"[{""name"":""Launch"",""time"":1.7000000000000008,""altitude"":4.1418016880111015},{""name"":""Space"",""time"":62.89999999999956,""altitude"":818.9981585587942}]",0.7954076619804806,1154.4891943765767,0.03292998786094836,239.51598543313804,0,null,0,0,0,false
"""quarter""",1,1,4,584792,25,1,-480.68820028476506,false,0,false,-0.20726608688120096,"""Flight left the recovery corridor""","{""level"":0,""mass"":1,""thrust"":1,""servo"":1,""wind"":1,""deck"":1,""noise"":0}",null,98.54999999999964,false,0,12034.679500774022,"[{""name"":""Launch"",""time"":1.6500000000000008,""altitude"":4.108507827379537},{""name"":""Space"",""time"":59.549999999999635,""altitude"":800.9439722180225}]",0.7928599277147534,1151.431913257704,0.029409499149804837,235.2913989797658,0,null,0,0,0,false
"""quarter""",1,1,5,595183,26,1,-479.1764846569995,false,0,false,-0.20628309589065233,"""Flight left the recovery corridor""","{""level"":0.4,""mass"":0.9232269751103548,""thrust"":1.0010613402122572,""servo"":0.9288705509315058,""wind"":0.8966846210417573,""deck"":0.9705989637064307,""noise"":0.004}",null,102.59999999999934,false,0,12032.631155604546,"[{""name"":""Launch"",""time"":1.4500000000000006,""altitude"":4.069001272376173},{""name"":""Space"",""time"":65.34999999999934,""altitude"":820.5686994045484}]",0.8028307151754347,1163.3968582105217,0.02208554296253946,226.50265155504735,0,220.78580220724598,0.5999999999999659,0,0.9148214415010656,false
"""quarter""",1,2,0,714133,24,1,-609.2792156252838,false,0,false,-5.521635784716705,"""Orbital mission timed out""","{""level"":0,""mass"":1,""thrust"":1,""servo"":1,""wind"":1,""deck"":1,""noise"":0}",null,650.0499999999565,false,0,0.0007369206538427875,[],0.16204942163753072,194.45945334916763,1.1447339960471086e-15,0.00014738413214223828,0,null,0,0,0,false
"""quarter""",1,2,1,553619,25,1,-609.4647827782461,false,0,false,-5.73023273653911,"""Orbital mission timed out""","{""level"":0.4,""mass"":1.083884693447206,""thrust"":1.016267903124684,""servo"":1.2656766754682975,""wind"":0.8935277738499552,""deck"":1.0097203840138167,""noise"":0.004}",null,650.0499999999565,false,0,0,[],0.15935488873602482,191.2258664832298,8.200798144097372e-16,9.840957772916847e-13,0,null,0,0,0,false
"""quarter""",1,2,2,564010,26,1,-608.602572316486,false,0,false,-5.264037556243283,"""Orbital mission timed out""","{""level"":0,""mass"":1,""thrust"":1,""servo"":1,""wind"":1,""deck"":1,""noise"":0}",null,650.0499999999565,false,0,0.0019642533284098818,[],0.2381433153458469,285.7722590226346,1.9175586636347374e-16,0.00028060761857437585,0,null,0,0,0,false
"""quarter""",1,2,3,574401,24,1,-609.0945964657776,false,0,false,-5.671410459622995,"""Orbital mission timed out""","{""level"":0.4,""mass"":0.9880963761575715,""thrust"":0.9758886126282802,""servo"":1.0354448425912663,""wind"":1.0759237686473,""deck"":1.0029663443630197,""noise"":0.004}",null,650.0499999999565,false,0,0,[],0.16143981845767927,193.72778214921513,1.0649119024714464e-15,1.2778942829657357e-12,0,null,0,0,0,false
"""quarter""",1,2,4,584792,25,1,-609.416253520802,false,0,false,-5.728952656047751,"""Orbital mission timed out""","{""level"":0,""mass"":1,""thrust"":1,""servo"":1,""wind"":1,""deck"":1,""noise"":0}",null,650.0499999999565,false,0,0.0070263749181478374,[],0.16214642710869334,194.57711780541564,1.1575373506586454e-15,0.0014052749850186124,0,null,0,0,0,false
"""quarter""",1,2,5,595183,26,1,-608.8241404799236,false,0,false,-5.153154537078328,"""Orbital mission timed out""","{""level"":0.4,""mass"":0.9232269751103548,""thrust"":1.0010613402122572,""servo"":0.9288705509315058,""wind"":0.8966846210417573,""deck"":0.9705989637064307,""noise"":0.004}",null,650.0499999999565,false,0,0.14466422720724026,[],0.2411172788203114,289.3614009025461,2.737675679912465e-16,0.020666318172791416,0,null,0,0,0,false
"""quarter""",1,3,0,714133,24,1,-483.29048223156,false,0,false,-0.135422964184614,"""Flight left the recovery corridor""","{""level"":0,""mass"":1,""thrust"":1,""servo"":1,""wind"":1,""deck"":1,""noise"":0}",null,117.49999999999923,false,0,12003.960717026004,"[{""name"":""Launch"",""time"":1.800000000000001,""altitude"":4.116785528151327},{""name"":""Space"",""time"":70.74999999999923,""altitude"":806.610220735833}]",0.7412672894608441,1089.520747353013,0.009329374772067611,211.19524972648114,0,null,0,0,0,false
"""quarter""",1,3,1,553619,25,1,-482.22181110893314,false,0,false,-0.047526376718962475,"""Flight left the recovery corridor""","{""level"":0.4,""mass"":1.083884693447206,""thrust"":1.016267903124684,""servo"":1.2656766754682975,""wind"":0.8935277738499552,""deck"":1.0097203840138167,""noise"":0.004}",null,131.0999999999986,false,0,12078.987607690031,"[{""name"":""Launch"",""time"":1.950000000000001,""altitude"":4.018796882279771},{""name"":""Space"",""time"":82.5999999999986,""altitude"":806.6601028710706}]",0.6940427713300747,1032.8513255960897,0.0030829005444330017,203.6994806533196,0,null,0,0,0,false
"""quarter""",1,3,2,564010,26,1,-479.1402562489193,false,0,false,-0.05412254159968279,"""Flight left the recovery corridor""","{""level"":0,""mass"":1,""thrust"":1,""servo"":1,""wind"":1,""deck"":1,""noise"":0}",null,124.34999999999886,false,0,12043.878468390776,"[{""name"":""Launch"",""time"":1.7500000000000009,""altitude"":4.077576009382602},{""name"":""Space"",""time"":77.34999999999886,""altitude"":810.7320750272949}]",0.7597724839704992,1111.726980764599,0.020661836370174488,224.79420364420938,0,null,0,0,0,false
"""quarter""",1,3,3,574401,24,1,-480.1900885560653,false,0,false,-0.048669857722748254,"""Flight left the recovery corridor""","{""level"":0.4,""mass"":0.9880963761575715,""thrust"":0.9758886126282802,""servo"":1.0354448425912663,""wind"":1.0759237686473,""deck"":1.0029663443630197,""noise"":0.004}",null,119.24999999999915,false,0,12022.34567740158,"[{""name"":""Launch"",""time"":1.800000000000001,""altitude"":4.000914394953451},{""name"":""Space"",""time"":72.49999999999915,""altitude"":817.5907093268887}]",0.7412159509374293,1089.4591411249153,0.00848951376128976,210.1874165135477,0,null,0,0,0,false
"""quarter""",1,3,4,584792,25,1,-480.13695428699293,false,0,false,-0.09338046841149669,"""Flight left the recovery corridor""","{""level"":0,""mass"":1,""thrust"":1,""servo"":1,""wind"":1,""deck"":1,""noise"":0}",null,118.29999999999916,false,0,12036.912439234828,"[{""name"":""Launch"",""time"":1.7500000000000009,""altitude"":4.050052579278306},{""name"":""Space"",""time"":71.29999999999916,""altitude"":800.4657603038094}]",0.7286535225764915,1074.3842270917899,0.005367787029241498,206.4413444350898,0,null,0,0,0,false
"""quarter""",1,3,5,595183,26,1,-477.1354365127085,false,0,false,0.017196826952470018,"""Flight left the recovery corridor""","{""level"":0.4,""mass"":0.9232269751103548,""thrust"":1.0010613402122572,""servo"":0.9288705509315058,""wind"":0.8966846210417573,""deck"":0.9705989637064307,""noise"":0.004}",null,115.8499999999992,false,0,11994.647131219253,"[{""name"":""Launch"",""time"":1.5500000000000007,""altitude"":4.14098225268955},{""name"":""Space"",""time"":70.3499999999992,""altitude"":802.4695969754797}]",0.7727869421853228,1127.3443306223874,0.02928694008265967,235.1443280991916,0,null,0,0,0,false
"""quarter""",1,4,0,714133,24,1,-490.2739117638477,false,0,false,-0.1823175398608381,"""Flight left the recovery corridor""","{""level"":0,""mass"":1,""thrust"":1,""servo"":1,""wind"":1,""deck"":1,""noise"":0}",null,170.24999999999932,false,0,12030.540695150643,"[{""name"":""Launch"",""time"":2.3,""altitude"":4.088493199709918},{""name"":""Space"",""time"":89.99999999999932,""altitude"":806.5777274839121}]",0.5250964379660256,830.1157255592307,5.2269478466196715e-06,200.00627233741594,0,null,0,0,0,false
"""quarter""",1,4,1,553619,25,1,-493.4591597785106,false,0,false,-0.21740322447199958,"""Flight left the recovery corridor""","{""level"":0.4,""mass"":1.083884693447206,""thrust"":1.016267903124684,""servo"":1.2656766754682975,""wind"":0.8935277738499552,""deck"":1.0097203840138167,""noise"":0.004}",null,187.99999999999875,false,0,12008.95827648565,"[{""name"":""Launch"",""time"":2.6499999999999986,""altitude"":4.107665238807515},{""name"":""Space"",""time"":102.24999999999875,""altitude"":805.3382108803681}]",0.4870792402386996,784.4950882864395,1.1470395252221862e-06,200.00137644743026,0,null,0,0,0,false
"""quarter""",1,4,2,564010,26,1,-488.32543499650046,false,0,false,-0.10208718959551118,"""Flight left the recovery corridor""","{""level"":0,""mass"":1,""thrust"":1,""servo"":1,""wind"":1,""deck"":1,""noise"":0}",null,164.74999999999935,false,0,12042.170905153687,"[{""name"":""Launch"",""time"":2.1500000000000004,""altitude"":4.012365627809906},{""name"":""Space"",""time"":87.49999999999935,""altitude"":805.1360331788842}]",0.593545704155462,912.2548449865544,1.2113593400067676e-05,200.01453631208008,0,null,0,0,0,false
"""quarter""",1,4,3,574401,24,1,-488.73341863507744,false,0,false,-0.17575692520684383,"""Flight left the recovery corridor""","{""level"":0.4,""mass"":0.9880963761575715,""thrust"":0.9758886126282802,""servo"":1.0354448425912663,""wind"":1.0759237686473,""deck"":1.0029663443630197,""noise"":0.004}",null,173.24999999999918,false,0,11995.853166041,"[{""name"":""Launch"",""time"":2.3499999999999996,""altitude"":4.037937652929422},{""name"":""Space"",""time"":92.49999999999918,""altitude"":803.56712483063}]",0.5127565103517695,815.3078124221234,3.106608323138435e-06,200.00372792998778,0,null,0,0,0,false
"""quarter""",1,4,4,584792,25,1,-487.6766155121222,false,0,false,-0.1418389683839654,"""Flight left the recovery corridor""","{""level"":0,""mass"":1,""thrust"":1,""servo"":1,""wind"":1,""deck"":1,""noise"":0}",null,170.09999999999926,false,0,12013.424267974258,"[{""name"":""Launch"",""time"":2.25,""altitude"":4.1520480656296},{""name"":""Space"",""time"":91.09999999999926,""altitude"":802.6273036940003}]",0.5205828326233266,824.6993991479919,4.133345481026682e-06,200.00496001457722,0,null,0,0,0,false
"""quarter""",1,4,5,595183,26,1,-487.07219158259915,false,0,false,-0.10638352047188916,"""Flight left the recovery corridor""","{""level"":0.4,""mass"":0.9232269751103548,""thrust"":1.0010613402122572,""servo"":0.9288705509315058,""wind"":0.8966846210417573,""deck"":0.9705989637064307,""noise"":0.004}",null,150.19999999999982,false,0,12041.595479849035,"[{""name"":""Launch"",""time"":1.850000000000001,""altitude"":4.185761424634961},{""name"":""Space"",""time"":76.69999999999982,""altitude"":800.3091626483659}]",0.586496627475265,903.795952970318,9.762196096754165e-06,200.0117146353161,0,null,0,0,0,false
"""quarter""",1,5,0,714133,24,1,-616.6155927619501,false,0,false,-0.21038564797152348,"""Returned before completing an orbit""","{""level"":0,""mass"":1,""thrust"":1,""servo"":1,""wind"":1,""deck"":1,""noise"":0}","{""error"":18910.639977582596,""speed"":34.067973679062284,""lateral"":95.52184032672024,""tilt"":0.4404287718039985}",129.0999999999951,false,0,122.65181868508498,"[{""name"":""Launch"",""time"":1.6000000000000008,""altitude"":4.037354928444566}]",0.2750159138327279,354.54946033629045,3.797011548058279e-11,24.530363782581134,0,null,0,0,0,false
"""quarter""",1,5,1,553619,25,1,-616.698940661672,false,0,false,-0.26901114294701334,"""Returned before completing an orbit""","{""level"":0.4,""mass"":1.083884693447206,""thrust"":1.016267903124684,""servo"":1.2656766754682975,""wind"":0.8935277738499552,""deck"":1.0097203840138167,""noise"":0.004}","{""error"":17782.39260657815,""speed"":33.99493331410796,""lateral"":92.46229245893625,""tilt"":0.44249633954123874}",128.649999999995,false,0,115.25980309470751,"[{""name"":""Launch"",""time"":1.7500000000000009,""altitude"":4.040063076428844}]",0.24947638619841606,322.4236240570408,6.655374938414784e-12,23.051960626927954,0,null,0,0,0,false
"""quarter""",1,5,2,564010,26,1,-616.292879349743,false,0,false,-0.2280666805043695,"""Returned before completing an orbit""","{""level"":0,""mass"":1,""thrust"":1,""servo"":1,""wind"":1,""deck"":1,""noise"":0}","{""error"":18187.51007209151,""speed"":32.376002339759125,""lateral"":96.47175145250733,""tilt"":0.4690302379718539}",126.04999999999498,false,0,109.01942950880019,"[{""name"":""Launch"",""time"":1.6000000000000008,""altitude"":4.197113724322408}]",0.3322990602376619,414.33307650073715,2.1774310041659418e-12,15.574204218155801,0,null,0,0,0,false
"""quarter""",1,5,3,574401,24,1,-616.6659156696463,false,0,false,-0.22553826048185635,"""Returned before completing an orbit""","{""level"":0.4,""mass"":0.9880963761575715,""thrust"":0.9758886126282802,""servo"":1.0354448425912663,""wind"":1.0759237686473,""deck"":1.0029663443630197,""noise"":0.004}","{""error"":18643.903426510587,""speed"":34.41187801975338,""lateral"":94.01955605182668,""tilt"":0.4498633663402321}",129.19999999999513,false,0,121.40118166269238,"[{""name"":""Launch"",""time"":1.6500000000000008,""altitude"":4.163303176827059}]",0.2717108954316546,350.333310850524,3.468720323434885e-11,24.28023637416312,0,null,0,0,0,false
"""quarter""",1,5,4,584792,25,1,-616.7037586964715,false,0,false,-0.2187774495628612,"""Returned before completing an orbit""","{""level"":0,""mass"":1,""thrust"":1,""servo"":1,""wind"":1,""deck"":1,""noise"":0}","{""error"":18784.839635219647,""speed"":33.47287374011514,""lateral"":94.75910036429724,""tilt"":0.4354516677936312}",128.89999999999506,false,0,125.1777952314446,"[{""name"":""Launch"",""time"":1.6000000000000008,""altitude"":4.045962229232421}]",0.2831634587855742,364.83170958897796,8.211035212415324e-11,25.03555914482134,0,null,0,0,0,false
"""quarter""",1,5,5,595183,26,1,-617.3154849037594,false,0,false,-0.22357621838665948,"""Returned before completing an orbit""","{""level"":0.4,""mass"":0.9232269751103548,""thrust"":1.0010613402122572,""servo"":0.9288705509315058,""wind"":0.8966846210417573,""deck"":0.9705989637064307,""noise"":0.004}","{""error"":19406.994816690978,""speed"":33.70215397337456,""lateral"":94.69227447012585,""tilt"":0.4541123390161055}",127.4499999999949,false,0,119.16624176381225,"[{""name"":""Launch"",""time"":1.4500000000000006,""altitude"":4.287547013728963}]",0.3646755933564752,454.63446085117204,3.62843186218238e-11,17.02374886694293,0,null,0,0,0,false
"""quarter""",1,6,0,714133,24,1,-484.1347027145144,false,0,false,-0.015436430375278322,"""Flight left the recovery corridor""","{""level"":0,""mass"":1,""thrust"":1,""servo"":1,""wind"":1,""deck"":1,""noise"":0}",null,155.14999999999773,false,0,12062.44285012639,"[{""name"":""Launch"",""time"":1.6000000000000008,""altitude"":4.080264761565356},{""name"":""Space"",""time"":100.14999999999773,""altitude"":805.8496818451893}]",0.723200939016569,1067.841126819883,0.008973210537146064,210.76785264457527,0,null,0,0,0,false
"""quarter""",1,6,1,553619,25,1,-494.0233956520772,false,0,false,-0.10412502839241039,"""Flight left the recovery corridor""","{""level"":0.4,""mass"":1.083884693447206,""thrust"":1.016267903124684,""servo"":1.2656766754682975,""wind"":0.8935277738499552,""deck"":1.0097203840138167,""noise"":0.004}",null,199.14999999999606,false,0,12000.311717377537,"[{""name"":""Launch"",""time"":1.7500000000000009,""altitude"":4.037120970466507},{""name"":""Space"",""time"":134.39999999999606,""altitude"":803.0213650703681}]",0.5812400346590868,897.4880415909041,2.474117772054207e-05,200.02968941326466,0,null,0,0,0,false
"""quarter""",1,6,2,564010,26,1,-488.0213866385949,false,0,false,0.03189097388708313,"""Flight left the recovery corridor""","{""level"":0,""mass"":1,""thrust"":1,""servo"":1,""wind"":1,""deck"":1,""noise"":0}",null,199.9499999999959,false,0,12034.508983284242,"[{""name"":""Launch"",""time"":1.6000000000000008,""altitude"":4.146393667992644},{""name"":""Space"",""time"":136.4499999999959,""altitude"":807.2341321779471}]",0.6538800667862401,984.6560801434881,0.00017802459347854394,200.21362951217426,0,null,0,0,0,false
"""quarter""",1,6,3,574401,24,1,-484.1720737494582,false,0,false,-0.017717456778895944,"""Flight left the recovery corridor""","{""level"":0.4,""mass"":0.9880963761575715,""thrust"":0.9758886126282802,""servo"":1.0354448425912663,""wind"":1.0759237686473,""deck"":1.0029663443630197,""noise"":0.004}",null,164.6499999999973,false,0,12060.153066477338,"[{""name"":""Launch"",""time"":1.6500000000000008,""altitude"":4.190977872986066},{""name"":""Space"",""time"":108.14999999999732,""altitude"":803.6536552988885}]",0.6929164070127911,1031.4996884153493,0.005266431638228507,206.31971796587422,0,null,0,0,0,false
"""quarter""",1,6,4,584792,25,1,-484.04037695797246,false,0,false,-0.06889067268615376,"""Flight left the recovery corridor""","{""level"":0,""mass"":1,""thrust"":1,""servo"":1,""wind"":1,""deck"":1,""noise"":0}",null,152.69999999999783,false,0,11996.929001104972,"[{""name"":""Launch"",""time"":1.6000000000000008,""altitude"":4.0994230258552875},{""name"":""Space"",""time"":98.94999999999783,""altitude"":806.4767594269415}]",0.7759199897593203,1131.1039877111843,0.02862497884712466,234.3499746165496,0,null,0,0,0,false
"""quarter""",1,6,5,595183,26,1,-485.13384159736864,false,0,false,0.011993558174564517,"""Flight left the recovery corridor""","{""level"":0.4,""mass"":0.9232269751103548,""thrust"":1.0010613402122572,""servo"":0.9288705509315058,""wind"":0.8966846210417573,""deck"":0.9705989637064307,""noise"":0.004}",null,154.74999999999756,false,0,12033.398376816827,"[{""name"":""Launch"",""time"":1.4000000000000006,""altitude"":4.004957587507095},{""name"":""Space"",""time"":101.74999999999756,""altitude"":808.0908661297187}]",0.7806295167914562,1136.7554201497474,0.04159219071340258,249.9106288560831,0,null,0,0,0,false
"""quarter""",1,7,0,714133,24,1,-614.850816323952,false,0,false,-0.15461000287226345,"""Returned before completing an orbit""","{""level"":0,""mass"":1,""thrust"":1,""servo"":1,""wind"":1,""deck"":1,""noise"":0}","{""error"":23024.925779715955,""speed"":42.03747503483035,""lateral"":98.38741569546231,""tilt"":0.42564193360442854}",128.39999999999495,false,0,223.8706988546517,"[{""name"":""Launch"",""time"":1.6000000000000008,""altitude"":4.115201383003585}]",0.8114103078564393,1018.4665091986575,0.037137233727389286,89.33882024379749,0,204.49901609571862,1.4499999999999176,0,0.9124263258964292,false
"""quarter""",1,7,1,553619,25,1,-615.2288288163027,false,0,false,-0.14532208950389774,"""Returned before completing an orbit""","{""level"":0.4,""mass"":1.083884693447206,""thrust"":1.016267903124684,""servo"":1.2656766754682975,""wind"":0.8935277738499552,""deck"":1.0097203840138167,""noise"":0.004}","{""error"":21595.207864568758,""speed"":40.6610955842356,""lateral"":97.98723215874746,""tilt"":0.434659585712392}",127.5499999999949,false,0,211.05777892292713,"[{""name"":""Launch"",""time"":1.7500000000000009,""altitude"":4.186906970094062}]",0.8171341634330818,1022.7725519042835,0.0478075990898155,99.58067469236403,0,206.62829905984472,2.2999999999998693,0,0.9127394557440948,false
"""quarter""",1,7,2,564010,26,1,-615.6273850375885,false,0,false,-0.14265661002402766,"""Returned before completing an orbit""","{""level"":0,""mass"":1,""thrust"":1,""servo"":1,""wind"":1,""deck"":1,""noise"":0}","{""error"":21625.907283415956,""speed"":39.55581251987914,""lateral"":99.66663879131977,""tilt"":0.44902188070554705}",125.39999999999502,false,0,200.7507215701236,"[{""name"":""Launch"",""time"":1.5500000000000007,""altitude"":4.025574579597471}]",0.8022034139199147,991.3227712139153,0.03267756340708807,67.89175059852334,0,200.4159054612055,1.249999999999929,0,0.9118258684501773,false
"""quarter""",1,7,3,574401,24,1,-613.8007673446356,false,0,false,-0.11701272031134083,"""Returned before completing an orbit""","{""level"":0.4,""mass"":0.9880963761575715,""thrust"":0.9758886126282802,""servo"":1.0354448425912663,""wind"":1.0759237686473,""deck"":1.0029663443630197,""noise"":0.004}","{""error"":23272.322456441638,""speed"":43.56601848828009,""lateral"":100.34929833402221,""tilt"":0.454025603093993}",131.94999999999607,false,0,257.7396368743418,"[{""name"":""Launch"",""time"":1.6500000000000008,""altitude"":4.218870403007623}]",0.7965253255569025,1007.3783180431512,0.038686534734391535,97.97176905613819,0,236.2684817700001,1.4999999999999147,0,0.9170983061426471,false
"""quarter""",1,7,4,584792,25,1,-612.3610604929834,false,0,false,-0.12296481544461971,"""Returned before completing an orbit""","{""level"":0,""mass"":1,""thrust"":1,""servo"":1,""wind"":1,""deck"":1,""noise"":0}","{""error"":23182.1807588574,""speed"":42.12240467572222,""lateral"":98.93676309498136,""tilt"":0.43661076532523635}",130.04999999999532,false,0,234.01863015696438,"[{""name"":""Launch"",""time"":1.6000000000000008,""altitude"":4.145016110177236}]",0.8069195532734528,1015.1071899595362,0.047608533927935216,103.93396674491514,0,225.57628931460295,3.149999999999821,0,0.9155259248992064,false
"""quarter""",1,7,5,595183,26,1,-614.5663788245035,false,0,false,-0.16777108161839865,"""Returned before completing an orbit""","{""level"":0.4,""mass"":0.9232269751103548,""thrust"":1.0010613402122572,""servo"":0.9288705509315058,""wind"":0.8966846210417573,""deck"":0.9705989637064307,""noise"":0.004}","{""error"":22652.378014116315,""speed"":37.3166684998861,""lateral"":98.77387338471793,""tilt"":0.43338227251048217}",124.19999999999509,false,0,204.20380312884473,"[{""name"":""Launch"",""time"":1.4000000000000006,""altitude"":4.048892454310538}]",0.8025209749407776,992.1971418044824,0.0221877780185841,55.79730549785017,0,204.02081415568227,0.8499999999999517,0,0.912356002081718,false
"""quarter""",1,8,0,714133,24,1,-612.9418308507558,false,0,false,0.0924183314585992,"""Returned before completing an orbit""","{""level"":0,""mass"":1,""thrust"":1,""servo"":1,""wind"":1,""deck"":1,""noise"":0}","{""error"":22816.103109125608,""speed"":40.59875184471537,""lateral"":96.71795506412316,""tilt"":0.15549994732814104}",181.25000000000696,false,0,195.41725024906398,"[{""name"":""Launch"",""time"":4.049999999999994,""altitude"":4.051649469029433}]",0.30496213163230357,405.0380080085771,3.7049838216901675e-10,39.083450494410855,0,null,0,0,0,false
"""quarter""",1,8,1,553619,25,1,-613.0466596850443,false,0,false,-0.06344223148519121,"""Returned before completing an orbit""","{""level"":0.4,""mass"":1.083884693447206,""thrust"":1.016267903124684,""servo"":1.2656766754682975,""wind"":0.8935277738499552,""deck"":1.0097203840138167,""noise"":0.004}","{""error"":18643.549861888685,""speed"":39.8157427790866,""lateral"":93.79533561320933,""tilt"":0.16649595751961063}",180.1000000000067,false,0,176.42996341659187,"[{""name"":""Launch"",""time"":6.299999999999986,""altitude"":4.042490938639226}]",0.2657316818051445,354.16401084949183,2.0671571364247083e-11,35.28599270812426,0,null,0,0,0,false
"""quarter""",1,8,2,564010,26,1,-612.7215811539929,false,0,false,0.06815626344892839,"""Returned before completing an orbit""","{""level"":0,""mass"":1,""thrust"":1,""servo"":1,""wind"":1,""deck"":1,""noise"":0}","{""error"":22389.262212330785,""speed"":40.02161324541872,""lateral"":95.82976298376069,""tilt"":0.1719246037943136}",177.60000000000613,false,0,182.19017146464145,"[{""name"":""Launch"",""time"":3.8499999999999943,""altitude"":4.05800945171738}]",0.3522027716948587,448.67049338592204,1.1528108496267964e-11,26.027167365925365,0,null,0,0,0,false
"""quarter""",1,8,3,574401,24,1,-612.7866107989477,false,0,false,0.07471077615274405,"""Returned before completing an orbit""","{""level"":0.4,""mass"":0.9880963761575715,""thrust"":0.9758886126282802,""servo"":1.0354448425912663,""wind"":1.0759237686473,""deck"":1.0029663443630197,""noise"":0.004}","{""error"":22108.468793903852,""speed"":40.95551120020637,""lateral"":95.90027004951607,""tilt"":0.16596146370547102}",181.30000000000697,false,0,194.9989352445834,"[{""name"":""Launch"",""time"":4.399999999999992,""altitude"":4.026818119031921}]",0.2854929697582129,381.5913507587722,9.693257049486008e-11,38.999787165235766,0,null,0,0,0,false
"""quarter""",1,8,4,584792,25,1,-613.4717730593884,false,0,false,0.018117928776779233,"""Returned before completing an orbit""","{""level"":0,""mass"":1,""thrust"":1,""servo"":1,""wind"":1,""deck"":1,""noise"":0}","{""error"":23032.947708340405,""speed"":40.854026516410244,""lateral"":96.14555912782937,""tilt"":0.15753925414719452}",181.75000000000708,false,0,198.42725491013036,"[{""name"":""Launch"",""time"":3.7499999999999947,""altitude"":4.066836815229307}]",0.3091161269029317,410.62480326554413,4.94786993032331e-10,39.68545157577046,0,null,0,0,0,false
"""quarter""",1,8,5,595183,26,1,-617.6953379627638,false,0,false,0.19543307043764804,"""Returned before completing an orbit""","{""level"":0.4,""mass"":0.9232269751103548,""thrust"":1.0010613402122572,""servo"":0.9288705509315058,""wind"":0.8966846210417573,""deck"":0.9705989637064307,""noise"":0.004}","{""error"":26060.7947137563,""speed"":41.13718630719834,""lateral"":97.78409267936462,""tilt"":0.17148844756549167}",179.80000000000663,false,0,207.00979058163156,"[{""name"":""Launch"",""time"":2.6999999999999984,""altitude"":4.032237737961909}]",0.4066071974787596,517.5014642004589,7.320513537572899e-10,29.57282810440899,0,null,0,0,0,false
"""quarter""",1,9,0,714133,24,1,-612.8444728685182,false,0,false,-0.0600657811590755,"""Returned before completing an orbit""","{""level"":0,""mass"":1,""thrust"":1,""servo"":1,""wind"":1,""deck"":1,""noise"":0}","{""error"":22013.20454875765,""speed"":39.644431181196246,""lateral"":98.47881397116305,""tilt"":0.3357737781046957}",137.19999999999695,false,0,196.67152219488364,"[{""name"":""Launch"",""time"":1.850000000000001,""altitude"":4.0463048075627945}]",0.5114969975843282,653.1307015401705,5.750604022702415e-06,39.34120516380396,0,null,0,0,0,false
"""quarter""",1,9,1,553619,25,1,-615.9333537566515,false,0,false,-0.12828719114553713,"""Returned before completing an orbit""","{""level"":0.4,""mass"":1.083884693447206,""thrust"":1.016267903124684,""servo"":1.2656766754682975,""wind"":0.8935277738499552,""deck"":1.0097203840138167,""noise"":0.004}","{""error"":20156.329814286782,""speed"":38.149766758825294,""lateral"":96.32690835343796,""tilt"":0.3389226838883308}",135.1999999999965,false,0,172.406869566353,"[{""name"":""Launch"",""time"":2.0500000000000007,""altitude"":4.091900280862626}]",0.3713972569554061,480.1580822597579,1.5583147334064e-08,34.481392613047404,0,null,0,0,0,false
"""quarter""",1,9,2,564010,26,1,-614.3619012524726,false,0,false,-0.10088106187095867,"""Returned before completing an orbit""","{""level"":0,""mass"":1,""thrust"":1,""servo"":1,""wind"":1,""deck"":1,""noise"":0}","{""error"":20627.451470835687,""speed"":37.16505884943557,""lateral"":97.15577473891297,""tilt"":0.338369424237663}",132.1499999999958,false,0,158.17451087321405,"[{""name"":""Launch"",""time"":1.800000000000001,""altitude"":4.057096995433978}]",0.44660479717232027,558.5221153029578,8.324890077002471e-09,22.59636868604153,0,null,0,0,0,false
"""quarter""",1,9,3,574401,24,1,-612.2651550177358,false,0,false,-0.07613166082973237,"""Returned before completing an orbit""","{""level"":0.4,""mass"":0.9880963761575715,""thrust"":0.9758886126282802,""servo"":1.0354448425912663,""wind"":1.0759237686473,""deck"":1.0029663443630197,""noise"":0.004}","{""error"":21437.01215203068,""speed"":39.38219264087713,""lateral"":97.48532714153991,""tilt"":0.3176885120492282}",136.4999999999968,false,0,186.6682344698615,"[{""name"":""Launch"",""time"":1.900000000000001,""altitude"":4.0979495263285965}]",0.43771380373799834,562.5902113795703,4.7596445403675566e-07,37.334218051317144,0,null,0,0,0,false
"""quarter""",1,9,4,584792,25,1,-612.1326045913706,false,0,false,-0.05602929761862581,"""Returned before completing an orbit""","{""level"":0,""mass"":1,""thrust"":1,""servo"":1,""wind"":1,""deck"":1,""noise"":0}","{""error"":21842.38394273688,""speed"":39.45071878294421,""lateral"":97.44635419629462,""tilt"":0.34663994860682457}",136.74999999999685,false,0,190.44250446998663,"[{""name"":""Launch"",""time"":1.850000000000001,""altitude"":4.163534912918285}]",0.48521188326349074,620.3427608101862,4.094520381142721e-06,38.09341431845469,0,null,0,0,0,false
"""quarter""",1,9,5,595183,26,1,-610.5426145404263,false,0,false,-0.03323031488833272,"""Returned before completing an orbit""","{""level"":0.4,""mass"":0.9232269751103548,""thrust"":1.0010613402122572,""servo"":0.9288705509315058,""wind"":0.8966846210417573,""deck"":0.9705989637064307,""noise"":0.004}","{""error"":22475.029084567275,""speed"":39.13191617222759,""lateral"":98.35841017559727,""tilt"":0.35629092003626145}",134.2999999999963,false,0,184.09403871800924,"[{""name"":""Launch"",""time"":1.6000000000000008,""altitude"":4.081215683898122}]",0.5171724944530127,646.9061417319023,5.355442662173833e-07,26.299791041406497,0,null,0,0,0,false
"""quarter""",1,10,0,714133,24,1,-623.1616571774377,false,0,false,-0.40840624820924853,"""Returned before completing an orbit""","{""level"":0,""mass"":1,""thrust"":1,""servo"":1,""wind"":1,""deck"":1,""noise"":0}","{""error"":17772.82864962763,""speed"":21.6243009965365,""lateral"":63.28082750262618,""tilt"":0.3259587229971641}",175.3000000000056,false,0,61.145249834029244,"[{""name"":""Launch"",""time"":2.25,""altitude"":4.020435797318012}]",0.17382571317858514,220.81990578110802,4.757450458466935e-15,12.229049966811557,0,null,0,0,0,false
"""quarter""",1,10,1,553619,25,1,-622.7059722587529,false,0,false,-0.42404382142561026,"""Returned before completing an orbit""","{""level"":0.4,""mass"":1.083884693447206,""thrust"":1.016267903124684,""servo"":1.2656766754682975,""wind"":0.8935277738499552,""deck"":1.0097203840138167,""noise"":0.004}","{""error"":16272.229636505703,""speed"":21.75946859617172,""lateral"":62.12091047474333,""tilt"":0.3409732529328864}",172.45000000000496,false,0,55.283758090875764,"[{""name"":""Launch"",""time"":2.6999999999999984,""altitude"":4.024519177984692}]",0.1668039936709733,211.2215440233431,2.0611173944750205e-15,11.056751618177627,0,null,0,0,0,false
"""quarter""",1,10,2,564010,26,1,-622.5777271046986,false,0,false,-0.3729468419910091,"""Returned before completing an orbit""","{""level"":0,""mass"":1,""thrust"":1,""servo"":1,""wind"":1,""deck"":1,""noise"":0}","{""error"":17568.625936020424,""speed"":22.682496230127178,""lateral"":68.35578791246897,""tilt"":0.4298681536447659}",170.95000000000462,false,0,55.58428866377423,"[{""name"":""Launch"",""time"":2.1500000000000004,""altitude"":4.018134604834826}]",0.2469857749485333,304.3235426044934,5.481144599615382e-16,7.94061266625412,0,null,0,0,0,false
"""quarter""",1,10,3,574401,24,1,-622.371882573214,false,0,false,-0.40689552828140435,"""Returned before completing an orbit""","{""level"":0.4,""mass"":0.9880963761575715,""thrust"":0.9758886126282802,""servo"":1.0354448425912663,""wind"":1.0759237686473,""deck"":1.0029663443630197,""noise"":0.004}","{""error"":17531.136446816752,""speed"":22.957807983255638,""lateral"":64.47672847121918,""tilt"":0.36571550460834273}",175.35000000000562,false,0,59.19562415643374,"[{""name"":""Launch"",""time"":2.3499999999999996,""altitude"":4.047908457710834}]",0.17315291123750295,219.62261831629027,4.371761307518119e-15,11.839124831291993,0,null,0,0,0,false
"""quarter""",1,10,4,584792,25,1,-622.9691132883721,false,0,false,-0.41705473702923157,"""Returned before completing an orbit""","{""level"":0,""mass"":1,""thrust"":1,""servo"":1,""wind"":1,""deck"":1,""noise"":0}","{""error"":17767.098106385212,""speed"":22.38742352693849,""lateral"":63.70585943154084,""tilt"":0.339082728255448}",175.85000000000574,false,0,59.983499828055116,"[{""name"":""Launch"",""time"":2.2,""altitude"":4.001286679507448}]",0.17365884055388817,220.3873086302768,4.780852744836579e-15,11.99669996561676,0,null,0,0,0,false
"""quarter""",1,10,5,595183,26,1,-624.1976032741858,false,0,false,-0.39833698435274933,"""Returned before completing an orbit""","{""level"":0.4,""mass"":0.9232269751103548,""thrust"":1.0010613402122572,""servo"":0.9288705509315058,""wind"":0.8966846210417573,""deck"":0.9705989637064307,""noise"":0.004}","{""error"":19380.17225363289,""speed"":23.813888985436524,""lateral"":69.40372394521405,""tilt"":0.43163795294745855}",174.8500000000055,false,0,65.64143125880763,"[{""name"":""Launch"",""time"":1.850000000000001,""altitude"":4.130560065392341}]",0.2555239130268945,316.0060429549602,1.4467909546507253e-15,9.37734732268854,0,null,0,0,0,false
"""quarter""",1,11,0,714133,24,1,-620.5169398135859,false,0,false,-0.2683490903186891,"""Returned before completing an orbit""","{""level"":0,""mass"":1,""thrust"":1,""servo"":1,""wind"":1,""deck"":1,""noise"":0}","{""error"":21018.26095523843,""speed"":37.40116445163577,""lateral"":90.742674838148,""tilt"":0.4405982269507789}",159.55000000000203,false,0,139.15381942656487,"[{""name"":""Launch"",""time"":2.000000000000001,""altitude"":4.118697789998096}]",0.22041332998893493,292.3267598720349,5.627774719269855e-13,27.830763885988308,0,null,0,0,0,false
"""quarter""",1,11,1,553619,25,1,-619.9986201590514,false,0,false,-0.3366249968907493,"""Returned before completing an orbit""","{""level"":0.4,""mass"":1.083884693447206,""thrust"":1.016267903124684,""servo"":1.2656766754682975,""wind"":0.8935277738499552,""deck"":1.0097203840138167,""noise"":0.004}","{""error"":19345.965440494307,""speed"":36.01088482683869,""lateral"":91.99104219300473,""tilt"":0.4612132124597082}",157.15000000000148,false,0,128.77122886641155,"[{""name"":""Launch"",""time"":2.25,""altitude"":4.112941285881131}]",0.21573471586326598,284.6359048092015,3.4860620205372174e-13,25.754245773700635,0,null,0,0,0,false
"""quarter""",1,11,2,564010,26,1,-619.9258948718738,false,0,false,-0.2388491322824537,"""Returned before completing an orbit""","{""level"":0,""mass"":1,""thrust"":1,""servo"":1,""wind"":1,""deck"":1,""noise"":0}","{""error"":20269.142080321868,""speed"":35.756488669884966,""lateral"":89.39090472011155,""tilt"":0.4573780416846994}",154.90000000000097,false,0,123.16439657987098,"[{""name"":""Launch"",""time"":1.900000000000001,""altitude"":4.101912223004362}]",0.29245439002984336,368.54018183293647,6.121948645222955e-14,17.59491379719789,0,null,0,0,0,false
"""quarter""",1,11,3,574401,24,1,-621.0733176102318,false,0,false,-0.277443382646766,"""Returned before completing an orbit""","{""level"":0.4,""mass"":0.9880963761575715,""thrust"":0.9758886126282802,""servo"":1.0354448425912663,""wind"":1.0759237686473,""deck"":1.0029663443630197,""noise"":0.004}","{""error"":20780.379655823363,""speed"":37.60256374921486,""lateral"":90.93107990165345,""tilt"":0.44003174559878455}",159.35000000000198,false,0,141.46596906913382,"[{""name"":""Launch"",""time"":2.0500000000000007,""altitude"":4.1646754502848875}]",0.22189297610185324,294.56476513605065,6.22147247497729e-13,28.29319381457334,0,null,0,0,0,false
"""quarter""",1,11,4,584792,25,1,-620.6816362980053,false,0,false,-0.259403133053113,"""Returned before completing an orbit""","{""level"":0,""mass"":1,""thrust"":1,""servo"":1,""wind"":1,""deck"":1,""noise"":0}","{""error"":20979.1141543761,""speed"":37.45437938322356,""lateral"":91.15056977003832,""tilt"":0.4580474635339099}",159.450000000002,false,0,139.0665116978478,"[{""name"":""Launch"",""time"":2.000000000000001,""altitude"":4.170983910290268}]",0.22018629946431173,292.03686169674364,5.620675308483209e-13,27.813302340244046,0,null,0,0,0,false
"""quarter""",1,11,5,595183,26,1,-620.2828046599047,false,0,false,-0.09267650085000563,"""Returned before completing an orbit""","{""level"":0.4,""mass"":0.9232269751103548,""thrust"":1.0010613402122572,""servo"":0.9288705509315058,""wind"":0.8966846210417573,""deck"":0.9705989637064307,""noise"":0.004}","{""error"":22542.714254404447,""speed"":37.48589507265166,""lateral"":92.07503662097305,""tilt"":0.45106889673359996}",158.65000000000182,false,0,145.79949057958336,"[{""name"":""Launch"",""time"":1.6500000000000008,""altitude"":4.040016056067399}]",0.3168744091566927,401.07778964225736,6.291051178779443e-13,20.82849865498112,0,null,0,0,0,false
